-- --------------------------------------------------------
-- 호스트:                          127.0.0.1
-- 서버 버전:                        10.11.2-MariaDB - mariadb.org binary distribution
-- 서버 OS:                        Win64
-- HeidiSQL 버전:                  11.3.0.6295
-- --------------------------------------------------------

/*!40101 SET @OLD_CHARACTER_SET_CLIENT=@@CHARACTER_SET_CLIENT */;
/*!40101 SET NAMES utf8 */;
/*!50503 SET NAMES utf8mb4 */;
/*!40014 SET @OLD_FOREIGN_KEY_CHECKS=@@FOREIGN_KEY_CHECKS, FOREIGN_KEY_CHECKS=0 */;
/*!40101 SET @OLD_SQL_MODE=@@SQL_MODE, SQL_MODE='NO_AUTO_VALUE_ON_ZERO' */;
/*!40111 SET @OLD_SQL_NOTES=@@SQL_NOTES, SQL_NOTES=0 */;


-- heartbeat 데이터베이스 구조 내보내기
CREATE DATABASE IF NOT EXISTS `heartbeat` /*!40100 DEFAULT CHARACTER SET utf8mb4 COLLATE utf8mb4_general_ci */;
USE `heartbeat`;

-- 테이블 heartbeat.artist_tbl 구조 내보내기
CREATE TABLE IF NOT EXISTS `artist_tbl` (
  `artist_id` int(11) NOT NULL COMMENT '아티스트_아이디',
  `art_name` varchar(100) NOT NULL COMMENT '아티스트_이름',
  `fan` varchar(45) DEFAULT NULL COMMENT '팬덤',
  `art_img` varchar(255) DEFAULT NULL COMMENT '이미지_주소',
  PRIMARY KEY (`artist_id`)
) ENGINE=InnoDB DEFAULT CHARSET=utf8mb4 COLLATE=utf8mb4_general_ci COMMENT='아티스트';

-- 테이블 데이터 heartbeat.artist_tbl:~46 rows (대략적) 내보내기
/*!40000 ALTER TABLE `artist_tbl` DISABLE KEYS */;
INSERT INTO `artist_tbl` (`artist_id`, `art_name`, `fan`, `art_img`) VALUES
	(0, '일반유저', '일반유저', '일반유저'),
	(1, '관리자', '관리자', '관리자'),
	(10101, '스트레이 키즈 (Stray Kids)', 'null', 'null'),
	(10102, '폴킴', 'null', 'null'),
	(10103, '허각', 'null', 'null'),
	(10104, '멜로망스', 'null', 'null'),
	(10105, 'NCT 127', 'null', 'null'),
	(10106, 'SF9', 'null', 'null'),
	(10107, '엔하이픈 (ENHYPEN)', 'null', 'null'),
	(10108, '온유', 'null', 'null'),
	(10109, '위아이 (WEi)', 'null', 'null'),
	(10110, '이무진', 'null', 'null'),
	(10111, '방탄소년단', 'null', 'null'),
	(10112, '적재', 'null', 'null'),
	(10113, '정승환', 'null', 'null'),
	(10114, '지코', 'null', 'null'),
	(10115, '세븐틴 (SEVENTEEN)', 'null', 'null'),
	(10116, '트레저 (TREASURE)', 'null', 'null'),
	(10117, '김동률', 'null', 'null'),
	(10118, '에이티즈 (ATEEZ)', 'null', 'null'),
	(10119, '더보이즈 (The Boyz)', 'null', 'null'),
	(10120, '몬스타엑스 (MONSTA X)', 'null', 'null'),
	(10121, '빅뱅', 'null', 'null'),
	(20101, '트와이스', 'null', 'null'),
	(20102, '(여자)아이들', 'null', 'null'),
	(20103, '아이브 (IVE)', 'null', 'null'),
	(20104, '권은비', 'null', 'null'),
	(20105, '아이유 (IU)', 'null', 'null'),
	(20106, '헤이즈', 'null', 'null'),
	(20107, '에스파 (aespa)', 'null', 'null'),
	(20108, '김윤아', 'null', 'null'),
	(20109, '뉴진스 (NewJeans)', 'null', 'null'),
	(20110, '드림캐쳐', 'null', 'null'),
	(20111, '레드벨벳', 'null', 'null'),
	(20112, '윤하', 'null', 'null'),
	(20113, '르세라핌', 'null', 'null'),
	(20114, '이소라', 'null', 'null'),
	(20115, '이하이', 'null', 'null'),
	(20116, '백아연', 'null', 'null'),
	(20117, '있지 (ITZY)', 'null', 'null'),
	(20118, '백예린', 'null', 'null'),
	(20119, '블랙핑크 (BLACKPINK)', 'null', 'null'),
	(20120, '선미', 'null', 'null'),
	(20121, '태연', 'null', 'null'),
	(20122, '스테이씨', 'null', 'null'),
	(30100, '악뮤 (AKMU)', 'null', 'null');
/*!40000 ALTER TABLE `artist_tbl` ENABLE KEYS */;

-- 테이블 heartbeat.comment_tbl 구조 내보내기
CREATE TABLE IF NOT EXISTS `comment_tbl` (
  `comment_id` int(11) NOT NULL AUTO_INCREMENT COMMENT '댓글_아이디',
  `email` varchar(100) NOT NULL COMMENT '이메일',
  `post_id` int(11) NOT NULL COMMENT '게시물_아이디',
  `nickname` varchar(20) DEFAULT NULL COMMENT '닉네임',
  `comment` text NOT NULL COMMENT '댓글_내용',
  `comment_date` datetime NOT NULL COMMENT '작성일',
  PRIMARY KEY (`comment_id`),
  KEY `comment_tbl_ibfk_2` (`post_id`),
  KEY `comment_tbl_ibfk_1` (`email`),
  KEY `nickname` (`nickname`),
  CONSTRAINT `FK_comment_tbl_post_tbl` FOREIGN KEY (`post_id`) REFERENCES `post_tbl` (`post_id`) ON DELETE CASCADE ON UPDATE CASCADE,
  CONSTRAINT `FK_comment_tbl_user_tbl` FOREIGN KEY (`nickname`) REFERENCES `user_tbl` (`nickname`) ON DELETE CASCADE ON UPDATE CASCADE,
  CONSTRAINT `comment_tbl_ibfk_1` FOREIGN KEY (`email`) REFERENCES `user_tbl` (`email`) ON DELETE CASCADE ON UPDATE CASCADE
) ENGINE=InnoDB AUTO_INCREMENT=737 DEFAULT CHARSET=utf8mb4 COLLATE=utf8mb4_general_ci COMMENT='댓글';

-- 테이블 데이터 heartbeat.comment_tbl:~124 rows (대략적) 내보내기
/*!40000 ALTER TABLE `comment_tbl` DISABLE KEYS */;
INSERT INTO `comment_tbl` (`comment_id`, `email`, `post_id`, `nickname`, `comment`, `comment_date`) VALUES
	(606, 'user31@heartbeat.com', 218, 'HYongHong', '단체사진 너무 예쁘다', '2024-12-09 10:58:00'),
	(607, 'user31@heartbeat.com', 212, 'HYongHong', ':)♥♥♥♥♥', '2024-12-09 10:58:18'),
	(608, 'user43@heartbeat.com', 217, 'HNnaPark', '민지도 항상 따뜻하게~~', '2024-12-09 11:00:12'),
	(609, 'user43@heartbeat.com', 212, 'HNnaPark', 'Love YOU !!!', '2024-12-09 11:00:26'),
	(610, 'user43@heartbeat.com', 218, 'HNnaPark', '너무 재밌더라~!!! 애비진스 짱!', '2024-12-09 11:00:34'),
	(611, 'user43@heartbeat.com', 210, 'HNnaPark', '하니도 맛있는거 많이 먹어', '2024-12-09 11:00:43'),
	(612, 'user43@heartbeat.com', 209, 'HNnaPark', '해린이도 메리크리스마스!!', '2024-12-09 11:00:52'),
	(613, 'user37@heartbeat.com', 217, 'SYoungJeong', '민지도 좋은 하루!', '2024-12-09 11:01:36'),
	(614, 'user37@heartbeat.com', 219, 'SYoungJeong', '뉴진스 짱!!!!', '2024-12-09 11:02:28'),
	(615, 'user40@heartbeat.com', 218, 'SHoJeong', '나만의 개그맨 뉴진스', '2024-12-09 11:03:07'),
	(616, 'user40@heartbeat.com', 210, 'SHoJeong', '럽유 걸', '2024-12-09 11:03:15'),
	(617, 'user40@heartbeat.com', 221, 'SHoJeong', '디토 짱', '2024-12-09 11:03:56'),
	(618, 'user46@heartbeat.com', 217, 'JWonJeong', 'GOODDDDD !!!!', '2024-12-09 11:05:24'),
	(619, 'user46@heartbeat.com', 209, 'JWonJeong', 'MERRY CHRISTMAS :)♥', '2024-12-09 11:05:57'),
	(620, 'user49@heartbeat.com', 225, 'JieunHong', '난 하입보이가 최애임', '2024-12-09 11:09:44'),
	(621, 'user49@heartbeat.com', 218, 'JieunHong', '다음엔 완전체로!!!!!', '2024-12-09 11:09:54'),
	(622, 'user31@heartbeat.com', 225, 'HYongHong', '난 디토 ㅇㅇ', '2024-12-09 11:11:54'),
	(631, 'user47@heartbeat.com', 304, 'YooBinLee', '저는 있지 달라달라가 제일 좋아요~ㅎㅎ', '2024-12-09 10:46:45'),
	(632, 'user47@heartbeat.com', 303, 'YooBinLee', '저도 너무너무 궁굼해요!!', '2024-12-09 10:46:30'),
	(633, 'user47@heartbeat.com', 301, 'YooBinLee', '이번 예지 의상은 정말 대박이에요~!', '2024-12-09 10:46:11'),
	(665, 'user48@heartbeat.com', 537, 'SYoungPark', '언니도 따뜻하게 입고 감기 조심하세요! 항상 걱정돼요😭', '2024-12-09 10:25:15'),
	(666, 'user48@heartbeat.com', 356, 'SYoungPark', '만날 날만 손꼽아 기다리고 있어요. 꼭 무대에서 만나요! 🖤💗', '2024-12-09 10:25:52'),
	(667, 'user45@heartbeat.com', 354, 'SYungKim', '리사가 행복하면 블링크도 행복해요. 우리 같이 힘내요! 💪🖤💖', '2024-12-09 10:27:51'),
	(668, 'user45@heartbeat.com', 353, 'SYungKim', '저는 오늘 친구랑 카페 갔어요 ☕ 언니도 쉬는 날엔 맛있는 거 드세요', '2024-12-09 10:28:19'),
	(669, 'user45@heartbeat.com', 352, 'SYungKim', '언니 덕분에 긍정 에너지 얻었어요! 역시 우리 로제 최고예요 🥺✨', '2024-12-09 10:28:43'),
	(670, 'user36@heartbeat.com', 537, 'CEunKim', '우리도 조심할게요, 건강해야 해요💜', '2024-12-09 10:29:23'),
	(671, 'user36@heartbeat.com', 350, 'CEunKim', '언니 덕분에 저희도 매일 행복해요💖 오래오래 함께해요!', '2024-12-09 10:29:44'),
	(672, 'user36@heartbeat.com', 351, 'CEunKim', '우리 로제는 사랑 그 자체다... 블링크도 사랑해요!! 🌹', '2024-12-09 10:30:10'),
	(673, 'user36@heartbeat.com', 354, 'CEunKim', '리사야, 이런 글 보면 진짜 힘나요. 우리도 너에게 힘이 되고 싶어요!', '2024-12-09 10:31:12'),
	(674, 'user42@heartbeat.com', 354, 'DHyeonKim', '이 글 보고 위로받았어요. 항상 우리 곁에 있어줘서 고마워요! ', '2024-12-09 10:32:06'),
	(675, 'user42@heartbeat.com', 352, 'DHyeonKim', '로제의 긍정 메시지 너무 좋아요! 저도 로제처럼 생각하려고 노력 중이에요 💪', '2024-12-09 10:32:44'),
	(676, 'user42@heartbeat.com', 537, 'DHyeonKim', '추운 날씨에도 지수를 생각하며 힘내고 있어요! 사랑해요❄️', '2024-12-09 10:33:22'),
	(677, 'user42@heartbeat.com', 356, 'DHyeonKim', '우리도 너무 보고 싶어요! 다음 만남이 기다려져요 😭', '2024-12-09 10:33:36'),
	(678, 'user1@heartbeat.com', 350, 'KJin', '우리도 지수 언니 너무 사랑해요💕 항상 건강하고 행복하세요!', '2024-12-09 10:34:45'),
	(679, 'user1@heartbeat.com', 537, 'KJin', '언니가 먼저 따뜻하게 입고 건강 꼭 챙기세요!🥺', '2024-12-09 10:35:28'),
	(680, 'user1@heartbeat.com', 353, 'KJin', '우리 이야기 들어주는 제니 언니, 정말 소중해요. 블링크는 항상 언니 편이에요!', '2024-12-09 10:35:45'),
	(681, 'user1@heartbeat.com', 351, 'KJin', '언니가 이렇게 사랑 표현해주면 블링크는 더 행복해요! 사랑해요 로제 💖', '2024-12-09 10:36:15'),
	(682, 'user33@heartbeat.com', 537, 'JSuhPark', '지수 언니 말 들으니까 저도 건강 잘 챙길게요! 고마워요💖', '2024-12-09 10:37:20'),
	(683, 'user33@heartbeat.com', 356, 'JSuhPark', '다음 만남까지 열심히 응원하면서 기다릴게요! 사랑해요 제니!', '2024-12-09 10:37:40'),
	(684, 'user33@heartbeat.com', 354, 'JSuhPark', '여유로운 하루 보냈다니 다행이에요. 항상 건강이 제일 중요해요! 🌸', '2024-12-09 10:38:01'),
	(685, 'user33@heartbeat.com', 352, 'JSuhPark', '언니는 블링크의 힘이에요! 늘 좋은 영향력 줘서 고마워요 🌹', '2024-12-09 10:38:24'),
	(686, 'user33@heartbeat.com', 350, 'JSuhPark', '영원히 지수 언니랑 블핑 언니들 곁에 있을게요!💎', '2024-12-09 10:39:24'),
	(687, 'user39@heartbeat.com', 354, 'JYLee', '"다음에도 더 많은 일상 공유해줘요. 너무 사랑해요 리사! 😍💜', '2024-12-09 10:40:16'),
	(688, 'user39@heartbeat.com', 353, 'JYLee', '오늘은 조금 힘들었는데 언니 글 보고 기운 얻었어요! 고마워요 제니 언니!', '2024-12-09 10:40:49'),
	(689, 'user39@heartbeat.com', 351, 'JYLee', '항상 우리를 생각해줘서 고마워요 🥺 언니도 힘들 땐 우리 생각해요!', '2024-12-09 10:42:05'),
	(690, 'user39@heartbeat.com', 352, 'JYLee', '작은 한 걸음씩 내딛다 보면 언니처럼 멋진 사람이 되겠죠? 😍', '2024-12-09 10:42:23'),
	(691, 'user33@heartbeat.com', 568, 'JSuhPark', '맞아요! 제니는 항상 멋져요! 💖', '2024-12-09 11:08:58'),
	(692, 'user1@heartbeat.com', 568, 'KJin', '그 노력에 정말 감동받아요! 계속 응원할게요! 😊', '2024-12-09 11:09:34'),
	(693, 'user39@heartbeat.com', 568, 'JYLee', '제니, 최고! 😍', '2024-12-09 11:10:03'),
	(694, 'user42@heartbeat.com', 568, 'DHyeonKim', '제니는 정말 노력파죠! 그 모습이 항상 감동적이고, 저도 더 열심히 살아야겠다고 느껴져요! 😍', '2024-12-09 11:10:41'),
	(695, 'user42@heartbeat.com', 569, 'DHyeonKim', '제니, 최고! 😍', '2024-12-09 11:10:58'),
	(696, 'user45@heartbeat.com', 566, 'SYungKim', '너무 멋져요! 응원할게요! 🌟', '2024-12-09 11:11:45'),
	(697, 'user33@heartbeat.com', 566, 'JSuhPark', '귀여워😍💖', '2024-12-09 11:12:22'),
	(698, 'user32@heartbeat.com', 401, 'EHyeKim', '예지도 행복한 크리스마스 보내요! 언제나 우리에게 빛이 되어줘서 고마워요 🎄', '2024-12-09 10:30:04'),
	(699, 'user32@heartbeat.com', 404, 'EHyeKim', '있지 덕분에 오늘 하루도 행복해요! 언제나 힘내고 빛나는 모습 보여줘서 고마워요! 🌟', '2024-12-09 10:32:48'),
	(700, 'user32@heartbeat.com', 402, 'EHyeKim', '항상 노력하고 멋진 무대를 보여주는 있지, 정말 최고예요! 늘 응원할게요! 💕', '2024-12-09 10:33:00'),
	(701, 'user32@heartbeat.com', 403, 'EHyeKim', '있지가 있어서 제 하루가 더 반짝여요. 사랑하고 또 사랑해요! 💖', '2024-12-09 10:33:06'),
	(702, 'user32@heartbeat.com', 403, 'EHyeKim', '있지가 있어서 제 하루가 더 반짝여요. 사랑하고 또 사랑해요! 💖', '2024-12-09 10:33:06'),
	(703, 'user32@heartbeat.com', 400, 'EHyeKim', '힘들 때마다 있지를 보면 다시 힘이 나요! 언제나 고마운 우리 멤버들 ❤️', '2024-12-09 10:33:14'),
	(704, 'user35@heartbeat.com', 404, 'SHuiHong', '있지 덕분에 매일이 축제 같아요! 항상 응원할게요! 🎉', '2024-12-09 10:33:48'),
	(705, 'user35@heartbeat.com', 402, 'SHuiHong', '있지의 무대를 보면 정말 행복해져요! 여러분도 항상 행복하길 바랄게요! 😊', '2024-12-09 10:33:57'),
	(706, 'user35@heartbeat.com', 403, 'SHuiHong', '노래, 춤, 예능까지 완벽한 있지! 오늘도 빛나는 하루 보내요! ✨', '2024-12-09 10:34:08'),
	(707, 'user35@heartbeat.com', 400, 'SHuiHong', '있지의 열정이 늘 우리에게 힘이 돼요! 건강 잘 챙기고 사랑해요! 💪', '2024-12-09 10:34:16'),
	(708, 'user35@heartbeat.com', 401, 'SHuiHong', '벌써 크리스마스라니, 예지 덕분에 더 특별한 하루가 될 것 같아요! 사랑해요 💕', '2024-12-09 10:34:38'),
	(709, 'user38@heartbeat.com', 401, 'SHuiPark', '예지가 있어서 매일이 크리스마스 같아요! 오늘도 힘내고 행복 가득한 하루 보내요 ✨', '2024-12-09 10:36:44'),
	(710, 'user38@heartbeat.com', 400, 'SHuiPark', '우리 멤버들, 오늘도 최고였어요! 있지의 모든 순간이 소중해요! 🌈', '2024-12-09 10:37:40'),
	(711, 'user38@heartbeat.com', 403, 'SHuiPark', '있지가 있어서 제 삶이 더 빛나요! 언제나 함께 할게요! 💫', '2024-12-09 10:37:49'),
	(712, 'user38@heartbeat.com', 402, 'SHuiPark', '새 앨범 정말 최고예요! 하루 종일 반복 재생 중이에요! 🎧', '2024-12-09 10:38:03'),
	(713, 'user38@heartbeat.com', 404, 'SHuiPark', '이번 무대에서 너무 멋있었어요! 다음 무대도 정말 기대돼요! 💃', '2024-12-09 10:38:10'),
	(714, 'user41@heartbeat.com', 404, 'JYeonHan', '있지의 노래는 언제 들어도 힘이 돼요. 가사도 너무 예뻐요! 🎤', '2024-12-09 10:40:03'),
	(715, 'user41@heartbeat.com', 402, 'JYeonHan', '무대 위에서 빛나는 있지! 여러분이 진짜 아티스트예요! 👏', '2024-12-09 10:40:12'),
	(716, 'user41@heartbeat.com', 403, 'JYeonHan', '새로운 퍼포먼스 너무 멋져요! 이렇게 완벽할 수 있다니 감동이에요! 😍', '2024-12-09 10:40:20'),
	(717, 'user41@heartbeat.com', 400, 'JYeonHan', '있지가 있어서 제 하루가 더 반짝여요. 사랑하고 또 사랑해요! 💖', '2024-12-09 10:40:41'),
	(718, 'user41@heartbeat.com', 401, 'JYeonHan', '있지 덕분에 매일이 축제 같아요! 항상 응원할게요! 🎉', '2024-12-09 10:40:56'),
	(719, 'user44@heartbeat.com', 401, 'GHoLee', '예지 리더님, 항상 멤버들 챙겨줘서 고마워요! 정말 멋진 리더예요! 💕', '2024-12-09 10:41:37'),
	(720, 'user44@heartbeat.com', 402, 'GHoLee', '류진의 에너지와 카리스마가 너무 멋져요! 볼 때마다 감탄해요! 😎', '2024-12-09 10:42:22'),
	(721, 'user44@heartbeat.com', 404, 'GHoLee', '채령의 춤선은 정말 예술이에요! 다음 무대도 기대할게요!', '2024-12-09 10:42:33'),
	(722, 'user44@heartbeat.com', 403, 'GHoLee', '리아의 목소리는 들을 때마다 힐링이에요. 항상 고마워요! 🎶', '2024-12-09 10:42:41'),
	(723, 'user44@heartbeat.com', 400, 'GHoLee', '유나의 미소 덕분에 하루가 환해졌어요! 밝은 에너지 항상 응원해요! 🌟', '2024-12-09 10:42:53'),
	(724, 'user47@heartbeat.com', 404, 'YooBinLee', '"있지가 보내주는 긍정적인 에너지가 항상 큰 힘이 돼요. 고마워요, 사랑해요! 🌟', '2024-12-09 10:45:19'),
	(725, 'user47@heartbeat.com', 402, 'YooBinLee', '매번 새로운 모습으로 놀라움을 주는 있지! 오늘도 감동받고 갑니다! 💕', '2024-12-09 10:45:30'),
	(726, 'user47@heartbeat.com', 403, 'YooBinLee', '우리 멤버들, 너무 바쁠 텐데 항상 건강 잘 챙기고 맛있는 거 많이 먹어요! 🍜', '2024-12-09 10:45:38'),
	(727, 'user47@heartbeat.com', 400, 'YooBinLee', '있지 덕분에 매일이 행복해요. 여러분은 정말 특별한 존재예요! 💫', '2024-12-09 10:45:47'),
	(728, 'user47@heartbeat.com', 401, 'YooBinLee', '노래도, 춤도, 비주얼도 완벽한 있지! 여러분이 자랑스러워요! 👏', '2024-12-09 10:45:55'),
	(729, 'user50@heartbeat.com', 404, 'HyeonSooKim', '오늘도 반짝이는 무대 보여줘서 고마워요! 다음 무대도 벌써 기대돼요! 🎉', '2024-12-09 10:47:51'),
	(730, 'user50@heartbeat.com', 402, 'HyeonSooKim', '있지 멤버들, 스케줄 많아서 힘들 텐데 꼭 쉬는 시간도 가지세요! 항상 응원할게요! ❤️', '2024-12-09 10:47:57'),
	(731, 'user50@heartbeat.com', 403, 'HyeonSooKim', '있는 그대로의 있지가 가장 멋져요! 언제나 곁에서 함께할게요! 😊', '2024-12-09 10:48:04'),
	(732, 'user50@heartbeat.com', 400, 'HyeonSooKim', '새로운 곡 들으면서 정말 힘을 얻었어요. 고마워요, 제 인생 플레이리스트! 🎧', '2024-12-09 10:48:15'),
	(733, 'user50@heartbeat.com', 401, 'HyeonSooKim', '있지를 보면 꿈을 꾸게 돼요. 항상 제게 큰 영감이 돼줘서 정말 고마워요! ✨', '2024-12-09 10:48:25'),
	(734, 'yuna', 303, '유나', '저는 최근 비빔밥에 푹 빠졌어요 ㅎㅎ', '2024-12-09 12:59:50'),
	(735, 'user50@heartbeat.com', 301, 'HyeonSooKim', '맞아요 있지 맴버들은 어떤걸 입어도 정말 잘 어울려요♥', '2024-12-09 13:01:29'),
	(736, 'chaeryeong', 404, '채령', '응원 너무너무 고마워요~♥', '2024-12-09 13:02:10');
/*!40000 ALTER TABLE `comment_tbl` ENABLE KEYS */;

-- 테이블 heartbeat.cost_tbl 구조 내보내기
CREATE TABLE IF NOT EXISTS `cost_tbl` (
  `level` tinyint(4) NOT NULL,
  `cost` int(11) NOT NULL,
  KEY `level` (`level`)
) ENGINE=InnoDB DEFAULT CHARSET=utf8mb4 COLLATE=utf8mb4_general_ci COMMENT='구독가격';

-- 테이블 데이터 heartbeat.cost_tbl:~2 rows (대략적) 내보내기
/*!40000 ALTER TABLE `cost_tbl` DISABLE KEYS */;
INSERT INTO `cost_tbl` (`level`, `cost`) VALUES
	(1, 3900),
	(2, 6900);
/*!40000 ALTER TABLE `cost_tbl` ENABLE KEYS */;

-- 테이블 heartbeat.delete_user_tbl 구조 내보내기
CREATE TABLE IF NOT EXISTS `delete_user_tbl` (
  `del_email` varchar(100) NOT NULL COMMENT '이메일',
  `del_artist_id` int(11) NOT NULL COMMENT '아티스트_아이디',
  `del_pwd` varchar(120) NOT NULL COMMENT '비밀번호',
  `del_name` varchar(50) NOT NULL COMMENT '이름',
  `del_nickname` varchar(20) NOT NULL COMMENT '닉네임',
  `del_birth` date NOT NULL COMMENT '생년월일',
  `del_phone` char(13) NOT NULL COMMENT '휴대전화',
  `del_profileimg` varchar(100) DEFAULT NULL COMMENT '프로필사진',
  `del_level` int(11) DEFAULT NULL COMMENT '구독_등급',
  `del_reg_date` datetime NOT NULL COMMENT '생성일',
  `del_date` datetime NOT NULL COMMENT '탈퇴일'
) ENGINE=InnoDB DEFAULT CHARSET=utf8mb4 COLLATE=utf8mb4_unicode_ci COMMENT='탈퇴유저';

-- 테이블 데이터 heartbeat.delete_user_tbl:~2 rows (대략적) 내보내기
/*!40000 ALTER TABLE `delete_user_tbl` DISABLE KEYS */;
INSERT INTO `delete_user_tbl` (`del_email`, `del_artist_id`, `del_pwd`, `del_name`, `del_nickname`, `del_birth`, `del_phone`, `del_profileimg`, `del_level`, `del_reg_date`, `del_date`) VALUES
	('user04@ezen.com', 0, '$2a$10$a8/XFpNeFhlebinUH/lINeXKMxy556UXvrRIEiOzMAzv1pN.5WVVy', '사용자04', '사용자04', '2000-05-15', '01011111115', 'a964c4b2-9bf3-4446-af70-a70c8491ff36_aespa.jpg', 0, '2024-12-02 17:27:37', '2024-12-04 12:14:37'),
	('klh890725@naver.com', 0, '$2a$10$eZBbNAUL7WZTcMrQI7jybuvgLAR29kJ3mb1Lt8TsZJCDtHT.4SXiS', '김홍현', '김홍현', '1997-12-15', '01032704556', '7f501324-9b2e-43fa-a6e6-e1820d920df8_캡처.PNG', 0, '2024-11-21 15:54:23', '2024-12-04 12:17:41');
/*!40000 ALTER TABLE `delete_user_tbl` ENABLE KEYS */;

-- 테이블 heartbeat.hashtag_tbl 구조 내보내기
CREATE TABLE IF NOT EXISTS `hashtag_tbl` (
  `hashtag_id` int(11) NOT NULL COMMENT '해시태그_아이디',
  `music_id` int(11) NOT NULL COMMENT '음악_아이디',
  `artist_id` int(11) NOT NULL COMMENT '아티스트_아이디',
  `hashtag_name` varchar(50) NOT NULL COMMENT '해시태그_이름',
  PRIMARY KEY (`hashtag_id`),
  KEY `music_id` (`music_id`),
  KEY `artist_id` (`artist_id`),
  CONSTRAINT `hashtag_tbl_ibfk_1` FOREIGN KEY (`music_id`) REFERENCES `music_tbl` (`music_id`),
  CONSTRAINT `hashtag_tbl_ibfk_2` FOREIGN KEY (`artist_id`) REFERENCES `music_tbl` (`artist_id`)
) ENGINE=InnoDB DEFAULT CHARSET=utf8mb4 COLLATE=utf8mb4_general_ci COMMENT='해시태그';

-- 테이블 데이터 heartbeat.hashtag_tbl:~100 rows (대략적) 내보내기
/*!40000 ALTER TABLE `hashtag_tbl` DISABLE KEYS */;
INSERT INTO `hashtag_tbl` (`hashtag_id`, `music_id`, `artist_id`, `hashtag_name`) VALUES
	(1, 107, 20109, '#신나는'),
	(2, 132, 20103, '#신나는'),
	(3, 117, 20113, '#신나는'),
	(4, 141, 20107, '#신나는'),
	(5, 115, 20110, '#신나는'),
	(6, 116, 20111, '#신나는'),
	(7, 103, 20104, '#신나는'),
	(8, 128, 10115, '#신나는'),
	(9, 133, 20103, '#신나는'),
	(10, 129, 20122, '#신나는'),
	(11, 108, 20109, '#비오는날'),
	(12, 134, 20103, '#비오는날'),
	(13, 165, 20121, '#비오는날'),
	(14, 160, 10113, '#비오는날'),
	(15, 157, 20115, '#비오는날'),
	(16, 126, 10121, '#비오는날'),
	(17, 140, 30100, '#비오는날'),
	(18, 170, 10102, '#비오는날'),
	(19, 142, 20107, '#비오는날'),
	(20, 149, 10108, '#비오는날'),
	(21, 108, 20109, '#차분한'),
	(22, 142, 20107, '#차분한'),
	(23, 166, 20121, '#차분한'),
	(24, 121, 20118, '#차분한'),
	(25, 138, 30100, '#차분한'),
	(26, 136, 20105, '#차분한'),
	(27, 161, 10113, '#차분한'),
	(28, 150, 10108, '#차분한'),
	(29, 171, 10102, '#차분한'),
	(30, 120, 20116, '#차분한'),
	(31, 108, 20109, '#조용한'),
	(32, 142, 20107, '#조용한'),
	(33, 122, 20118, '#조용한'),
	(34, 166, 20121, '#조용한'),
	(35, 162, 10113, '#조용한'),
	(36, 150, 10108, '#조용한'),
	(37, 170, 10102, '#조용한'),
	(38, 139, 30100, '#조용한'),
	(39, 155, 10110, '#조용한'),
	(40, 136, 20105, '#조용한'),
	(41, 109, 20109, '#파티'),
	(42, 141, 20107, '#파티'),
	(43, 124, 20119, '#파티'),
	(44, 134, 20103, '#파티'),
	(45, 128, 10115, '#파티'),
	(46, 117, 20113, '#파티'),
	(47, 101, 20102, '#파티'),
	(48, 119, 10111, '#파티'),
	(49, 164, 10114, '#파티'),
	(50, 169, 20101, '#파티'),
	(51, 135, 20103, '#운동'),
	(52, 131, 10101, '#운동'),
	(53, 167, 10116, '#운동'),
	(54, 118, 10120, '#운동'),
	(55, 102, 20102, '#운동'),
	(56, 151, 10109, '#운동'),
	(57, 148, 10107, '#운동'),
	(58, 147, 10118, '#운동'),
	(59, 175, 10106, '#운동'),
	(60, 113, 10119, '#운동'),
	(61, 110, 20109, '#명상'),
	(62, 143, 20107, '#명상'),
	(63, 156, 20114, '#명상'),
	(64, 123, 20118, '#명상'),
	(65, 159, 10112, '#명상'),
	(66, 153, 20112, '#명상'),
	(67, 104, 10117, '#명상'),
	(68, 105, 10104, '#명상'),
	(69, 163, 10113, '#명상'),
	(70, 173, 20106, '#명상'),
	(71, 107, 20109, '#휴식'),
	(72, 144, 20107, '#휴식'),
	(73, 134, 20103, '#휴식'),
	(74, 101, 20102, '#휴식'),
	(75, 130, 10101, '#휴식'),
	(76, 168, 10116, '#휴식'),
	(77, 114, 10119, '#휴식'),
	(78, 128, 10115, '#휴식'),
	(79, 152, 10109, '#휴식'),
	(80, 118, 10120, '#휴식'),
	(81, 111, 20109, '#졸릴때'),
	(82, 145, 20107, '#졸릴때'),
	(83, 137, 20105, '#졸릴때'),
	(84, 123, 20118, '#졸릴때'),
	(85, 154, 20112, '#졸릴때'),
	(86, 163, 10113, '#졸릴때'),
	(87, 127, 20120, '#졸릴때'),
	(88, 106, 20108, '#졸릴때'),
	(89, 156, 20114, '#졸릴때'),
	(90, 163, 10103, '#졸릴때'),
	(91, 107, 20109, '#노동요'),
	(92, 146, 20107, '#노동요'),
	(93, 135, 20103, '#노동요'),
	(94, 102, 20102, '#노동요'),
	(95, 131, 10101, '#노동요'),
	(96, 167, 10116, '#노동요'),
	(97, 125, 20119, '#노동요'),
	(98, 158, 20117, '#노동요'),
	(99, 174, 10105, '#노동요'),
	(100, 113, 10119, '#노동요');
/*!40000 ALTER TABLE `hashtag_tbl` ENABLE KEYS */;

-- 테이블 heartbeat.like_tbl 구조 내보내기
CREATE TABLE IF NOT EXISTS `like_tbl` (
  `like_id` int(11) NOT NULL AUTO_INCREMENT COMMENT '좋아요아이디',
  `email` varchar(100) NOT NULL COMMENT '이메일',
  `post_id` int(11) NOT NULL COMMENT '게시물_아이디',
  PRIMARY KEY (`like_id`),
  KEY `FK_user_tbl_TO_like_tbl_1` (`email`),
  KEY `FK_post_tbl_TO_like_tbl_1` (`post_id`),
  CONSTRAINT `FK_post_tbl_TO_like_tbl_1` FOREIGN KEY (`post_id`) REFERENCES `post_tbl` (`post_id`) ON DELETE CASCADE ON UPDATE CASCADE,
  CONSTRAINT `FK_user_tbl_TO_like_tbl_1` FOREIGN KEY (`email`) REFERENCES `user_tbl` (`email`) ON DELETE CASCADE ON UPDATE CASCADE
) ENGINE=InnoDB AUTO_INCREMENT=497 DEFAULT CHARSET=utf8mb4 COLLATE=utf8mb4_general_ci COMMENT='좋아요 테이블';

-- 테이블 데이터 heartbeat.like_tbl:~115 rows (대략적) 내보내기
/*!40000 ALTER TABLE `like_tbl` DISABLE KEYS */;
INSERT INTO `like_tbl` (`like_id`, `email`, `post_id`) VALUES
	(270, 'yeji', 124),
	(273, 'hong', 124),
	(291, 'yuna', 124),
	(292, 'yuna', 171),
	(299, 'admin', 124),
	(300, 'jisoo', 177),
	(301, 'klh890725@naver.com', 177),
	(302, 'klh890725@naver.com', 174),
	(323, 'admin', 171),
	(342, 'user40@heartbeat.com', 212),
	(343, 'user40@heartbeat.com', 210),
	(344, 'user40@heartbeat.com', 209),
	(345, 'user31@heartbeat.com', 218),
	(346, 'user31@heartbeat.com', 217),
	(347, 'user31@heartbeat.com', 212),
	(348, 'user31@heartbeat.com', 210),
	(349, 'user31@heartbeat.com', 209),
	(350, 'user43@heartbeat.com', 218),
	(351, 'user43@heartbeat.com', 217),
	(352, 'user43@heartbeat.com', 212),
	(353, 'user43@heartbeat.com', 210),
	(354, 'user43@heartbeat.com', 209),
	(355, 'user37@heartbeat.com', 218),
	(356, 'user37@heartbeat.com', 217),
	(357, 'user37@heartbeat.com', 212),
	(358, 'user37@heartbeat.com', 210),
	(359, 'user37@heartbeat.com', 209),
	(360, 'user40@heartbeat.com', 218),
	(361, 'user40@heartbeat.com', 217),
	(362, 'user46@heartbeat.com', 218),
	(363, 'user46@heartbeat.com', 217),
	(364, 'user46@heartbeat.com', 212),
	(365, 'user46@heartbeat.com', 210),
	(366, 'user46@heartbeat.com', 209),
	(367, 'user49@heartbeat.com', 218),
	(368, 'user49@heartbeat.com', 217),
	(369, 'user49@heartbeat.com', 212),
	(370, 'user49@heartbeat.com', 210),
	(371, 'user49@heartbeat.com', 209),
	(417, 'user42@heartbeat.com', 354),
	(418, 'user42@heartbeat.com', 352),
	(419, 'user42@heartbeat.com', 537),
	(420, 'user42@heartbeat.com', 356),
	(421, 'user1@heartbeat.com', 350),
	(422, 'user1@heartbeat.com', 354),
	(423, 'user1@heartbeat.com', 356),
	(424, 'user1@heartbeat.com', 537),
	(425, 'user1@heartbeat.com', 351),
	(426, 'user33@heartbeat.com', 537),
	(427, 'user33@heartbeat.com', 356),
	(428, 'user33@heartbeat.com', 352),
	(429, 'user33@heartbeat.com', 353),
	(430, 'user33@heartbeat.com', 351),
	(431, 'user33@heartbeat.com', 350),
	(432, 'user39@heartbeat.com', 537),
	(433, 'user39@heartbeat.com', 356),
	(434, 'user39@heartbeat.com', 354),
	(435, 'user39@heartbeat.com', 353),
	(436, 'user39@heartbeat.com', 351),
	(437, 'user39@heartbeat.com', 352),
	(438, 'user48@heartbeat.com', 354),
	(439, 'user48@heartbeat.com', 356),
	(440, 'user48@heartbeat.com', 351),
	(441, 'user48@heartbeat.com', 537),
	(442, 'user45@heartbeat.com', 537),
	(443, 'user45@heartbeat.com', 350),
	(444, 'user45@heartbeat.com', 351),
	(445, 'user36@heartbeat.com', 537),
	(446, 'user36@heartbeat.com', 352),
	(447, 'user36@heartbeat.com', 351),
	(448, 'user50@heartbeat.com', 401),
	(449, 'user44@heartbeat.com', 401),
	(450, 'user41@heartbeat.com', 401),
	(451, 'user47@heartbeat.com', 401),
	(452, 'user38@heartbeat.com', 401),
	(453, 'user35@heartbeat.com', 401),
	(454, 'user32@heartbeat.com', 401),
	(455, 'admin', 401),
	(456, 'yeji', 401),
	(457, 'hong', 401),
	(458, 'yuna', 401),
	(459, 'user38@heartbeat.com', 400),
	(460, 'yuna', 400),
	(461, 'user44@heartbeat.com', 400),
	(462, 'user41@heartbeat.com', 400),
	(463, 'user47@heartbeat.com', 400),
	(464, 'user50@heartbeat.com', 400),
	(465, 'hong', 400),
	(466, 'user35@heartbeat.com', 400),
	(467, 'user32@heartbeat.com', 400),
	(468, 'admin', 400),
	(469, 'user35@heartbeat.com', 403),
	(470, 'user47@heartbeat.com', 403),
	(471, 'user38@heartbeat.com', 403),
	(472, 'hong', 403),
	(473, 'user44@heartbeat.com', 403),
	(474, 'user32@heartbeat.com', 403),
	(475, 'user41@heartbeat.com', 403),
	(476, 'user50@heartbeat.com', 403),
	(477, 'user35@heartbeat.com', 402),
	(478, 'user47@heartbeat.com', 402),
	(479, 'user38@heartbeat.com', 402),
	(480, 'user32@heartbeat.com', 402),
	(481, 'user44@heartbeat.com', 402),
	(482, 'user50@heartbeat.com', 402),
	(483, 'user41@heartbeat.com', 402),
	(484, 'hong', 402),
	(485, 'user50@heartbeat.com', 404),
	(486, 'hong', 404),
	(487, 'user47@heartbeat.com', 404),
	(488, 'user44@heartbeat.com', 404),
	(489, 'user32@heartbeat.com', 404),
	(490, 'user38@heartbeat.com', 404),
	(491, 'user35@heartbeat.com', 404),
	(492, 'user41@heartbeat.com', 404),
	(493, 'yuna', 402),
	(494, 'yuna', 403),
	(495, 'yuna', 404),
	(496, 'chaeryeong', 404);
/*!40000 ALTER TABLE `like_tbl` ENABLE KEYS */;

-- 테이블 heartbeat.music_role_tbl 구조 내보내기
CREATE TABLE IF NOT EXISTS `music_role_tbl` (
  `mr_key` int(11) NOT NULL AUTO_INCREMENT COMMENT '음악 역할',
  `music_id` int(11) NOT NULL COMMENT '음악_아이디',
  `email` varchar(50) NOT NULL COMMENT '이메일',
  PRIMARY KEY (`mr_key`),
  KEY `email` (`email`),
  KEY `music_id` (`music_id`),
  CONSTRAINT `music_role_tbl_ibfk_1` FOREIGN KEY (`email`) REFERENCES `user_tbl` (`email`),
  CONSTRAINT `music_role_tbl_ibfk_2` FOREIGN KEY (`music_id`) REFERENCES `music_tbl` (`music_id`)
) ENGINE=InnoDB DEFAULT CHARSET=utf8mb4 COLLATE=utf8mb4_general_ci COMMENT='음악역할테이블';

-- 테이블 데이터 heartbeat.music_role_tbl:~0 rows (대략적) 내보내기
/*!40000 ALTER TABLE `music_role_tbl` DISABLE KEYS */;
/*!40000 ALTER TABLE `music_role_tbl` ENABLE KEYS */;

-- 테이블 heartbeat.music_tbl 구조 내보내기
CREATE TABLE IF NOT EXISTS `music_tbl` (
  `music_id` int(11) NOT NULL COMMENT '음악_아이디',
  `artist_id` int(11) NOT NULL COMMENT '아티스트_아이디',
  `music_name` varchar(255) NOT NULL COMMENT '곡명',
  `track` varchar(255) NOT NULL COMMENT '트랙_이름',
  `playtime` varchar(255) NOT NULL DEFAULT '' COMMENT '재생시간',
  PRIMARY KEY (`music_id`),
  KEY `artist_id` (`artist_id`),
  CONSTRAINT `music_tbl_ibfk_1` FOREIGN KEY (`artist_id`) REFERENCES `artist_tbl` (`artist_id`)
) ENGINE=InnoDB DEFAULT CHARSET=utf8mb4 COLLATE=utf8mb4_general_ci COMMENT='음악리스트';

-- 테이블 데이터 heartbeat.music_tbl:~75 rows (대략적) 내보내기
/*!40000 ALTER TABLE `music_tbl` DISABLE KEYS */;
INSERT INTO `music_tbl` (`music_id`, `artist_id`, `music_name`, `track`, `playtime`) VALUES
	(101, 20102, 'Nxde', 'I FEEL', '3:27'),
	(102, 20102, 'Tomboy', 'I NEVER DIE', '3:11'),
	(103, 20104, 'Glitch', 'Glitch', '3:10'),
	(104, 10117, '기억의 습작', '기억의 습작', '4:33'),
	(105, 10104, '선물', 'Moonlight', '4:20'),
	(106, 20108, '봄날은 간다', '봄날은 간다', '4:31'),
	(107, 20109, 'Super Shy', 'Get Up', '3:16'),
	(108, 20109, 'Hurt', 'Get Up', '3:40'),
	(109, 20109, 'ETA', 'Get Up', '3:10'),
	(110, 20109, 'Get Up', 'Get Up', '3:11'),
	(111, 20109, 'Attention', 'New Jeans', '2:48'),
	(112, 20109, 'Cookie', 'New Jeans', '2:46'),
	(113, 10119, 'Maverick', 'Maverick', '3:29'),
	(114, 10119, 'ROAR', 'ROAR', '3:17'),
	(115, 20110, 'MAISON', 'MAISON', '3:33'),
	(116, 20111, 'Feel My Rhythm', 'The ReVe Festival 2022 - Feel My Rhythm', '3:32'),
	(117, 20113, 'ANTIFRAGILE', 'ANTIFRAGILE', '3:13'),
	(118, 10120, 'Love', 'Love', '3:30'),
	(119, 10111, 'Dynamite', 'BE', '3:19'),
	(120, 20116, '이럴거면 그러지말지', '이럴거면 그러지말지', '3:32'),
	(121, 20118, 'The Other Side', 'The Other Side', '3:47'),
	(122, 20118, 'Antifreeze', 'Antifreeze', '3:28'),
	(123, 20118, '그건 아마 우리의 잘못은 아닐 거야', 'The Other Side', '3:20'),
	(124, 20119, 'Pink Venom', 'BORN PINK', '3:09'),
	(125, 20119, 'How You Like That', 'The Album', '3:00'),
	(126, 10121, '봄여름가을겨울 (Still Life)', 'Still Life', '4:08'),
	(127, 20120, 'Heart Burn', 'Heart Burn', '3:25'),
	(128, 10115, 'HOT', 'SEVENTEEN', '3:02'),
	(129, 20122, 'ASAP', 'STAYDOM', '3:00'),
	(130, 10101, 'Case 143', 'MAXIDENT', '3:07'),
	(131, 10101, 'Thunderous', 'NOEASY', '3:25'),
	(132, 20103, 'Kitsch', 'Kitsch', '3:10'),
	(133, 20103, 'LOVE DIVE', 'LOVE DIVE', '3:03'),
	(134, 20103, 'I AM', 'I AM', '3:12'),
	(135, 20103, 'After LIKE', 'After LIKE', '3:13'),
	(136, 20105, '드라마', 'Lullaby', '3:10'),
	(137, 20105, '애월 (AEWOL)', 'Lullaby', '3:50'),
	(138, 30100, '후라이의 꿈', 'Playing', '3:12'),
	(139, 30100, '낙하', 'Story', '3:40'),
	(140, 30100, 'Love Lee', 'Story', '3:22'),
	(141, 20107, 'Spicy', 'Spicy', '3:03'),
	(142, 20107, 'Welcome To My World', 'Welcome To My World', '3:08'),
	(143, 20107, 'Illusion', 'Illusion', '3:23'),
	(144, 20107, 'Girls', 'Girls', '3:11'),
	(145, 20107, 'Lucid Dream', 'Lucid Dream', '3:30'),
	(146, 20107, 'Next Level', 'Next Level', '3:12'),
	(147, 10118, 'The Real', 'The Real', '3:16'),
	(148, 10107, 'FEVER', 'BORDER: CARNIVAL', '3:33'),
	(149, 10108, 'Circle', 'Circle', '3:15'),
	(150, 10108, 'O (Circle)', 'Circle', '3:05'),
	(151, 10109, 'Spray', 'Spray', '3:07'),
	(152, 10109, 'Run', 'Run', '3:10'),
	(153, 20112, '별빛 같은 나의 사랑아', 'RescuE', '3:53'),
	(154, 20112, '그 겨울의 찻집', 'RescuE', '3:40'),
	(155, 10110, '가을 타나 봐', '가을 타나 봐', '3:32'),
	(156, 20114, '긴 여행의 끝', '긴 여행의 끝', '4:50'),
	(157, 20115, 'Only', 'Only', '3:18'),
	(158, 20117, 'WANNABE', 'IT’z ME', '3:14'),
	(159, 10112, '별 보러 가자', '별 보러 가자', '3:24'),
	(160, 10113, '비가 온다', 'The Road', '3:22'),
	(161, 10113, '언제라도 어디에서라도', 'The Road', '3:39'),
	(162, 10113, '별', 'The Road', '3:10'),
	(163, 10113, '이 바보야', 'The Road', '3:06'),
	(164, 10114, 'Freak', 'Freak', '3:22'),
	(165, 20121, 'INVU', 'INVU', '3:16'),
	(166, 20121, 'Nights Into Days', 'INVU', '3:26'),
	(167, 10116, 'JIKJIN', 'JIKJIN', '3:11'),
	(168, 10116, 'BONA BONA', 'BONA BONA', '3:24'),
	(169, 20101, 'Alcohol-Free', 'Taste of Love', '3:23'),
	(170, 10102, '너를 만나', '너를 만나', '3:28'),
	(171, 10102, '찬란한 하루', '찬란한 하루', '3:31'),
	(172, 10103, '이 바보야', '허각 2', '3:13'),
	(173, 20106, '해픈 우연', '해픈 우연', '3:43'),
	(174, 10105, '2 Baddies', '2 Baddies', '3:23'),
	(175, 10106, 'Scream', 'Scream', '3:32');
/*!40000 ALTER TABLE `music_tbl` ENABLE KEYS */;

-- 테이블 heartbeat.notice_comment_tbl 구조 내보내기
CREATE TABLE IF NOT EXISTS `notice_comment_tbl` (
  `notice_comment_id` int(11) NOT NULL AUTO_INCREMENT COMMENT '공지 댓글  번호',
  `notice_id` int(11) NOT NULL COMMENT '공지 게시물 번호',
  `email` varchar(50) NOT NULL COMMENT '이메일',
  `nickname` varchar(20) NOT NULL COMMENT '닉네임',
  `comment` text NOT NULL COMMENT '댓글_내용',
  `comment_date` datetime DEFAULT NULL COMMENT '작성일',
  PRIMARY KEY (`notice_comment_id`),
  KEY `notice_id` (`notice_id`),
  KEY `email` (`email`),
  KEY `nickname` (`nickname`),
  CONSTRAINT `FK_notice_comment_tbl_notice_tbl` FOREIGN KEY (`notice_id`) REFERENCES `notice_tbl` (`notice_id`) ON DELETE CASCADE ON UPDATE CASCADE,
  CONSTRAINT `FK_notice_comment_tbl_user_tbl` FOREIGN KEY (`email`) REFERENCES `user_tbl` (`email`) ON DELETE CASCADE ON UPDATE CASCADE,
  CONSTRAINT `FK_notice_comment_tbl_user_tbl_2` FOREIGN KEY (`nickname`) REFERENCES `user_tbl` (`nickname`) ON DELETE CASCADE ON UPDATE CASCADE
) ENGINE=InnoDB AUTO_INCREMENT=92 DEFAULT CHARSET=utf8mb4 COLLATE=utf8mb4_general_ci COMMENT='공지사항 및 문의 댓글';

-- 테이블 데이터 heartbeat.notice_comment_tbl:~18 rows (대략적) 내보내기
/*!40000 ALTER TABLE `notice_comment_tbl` DISABLE KEYS */;
INSERT INTO `notice_comment_tbl` (`notice_comment_id`, `notice_id`, `email`, `nickname`, `comment`, `comment_date`) VALUES
	(62, 37, 'haerin', '혜린', 'ㄷㅂㅈㄷㅂㅈㄷㅂㅈㄷ', '2024-11-25 11:21:26'),
	(64, 37, 'haerin', '혜린', 'ㅂㅈㄷㅂㅈㄷㅂㅈㄷ', '2024-11-25 11:23:01'),
	(75, 39, 'admin', '관리자', 'sadasdsaasdasd', '2024-11-27 15:41:43'),
	(77, 37, 'yuna', '유나', 'ㄷㅂㅈㄷㅈㅂㄷㄷㅂㅈㄷㅂㅈ', '2024-12-03 14:52:24'),
	(84, 49, 'hyein10@gmail.com', '혠10', '댓글등록테스트', '2024-12-06 11:53:35'),
	(85, 49, 'hyein10@gmail.com', '혠10', '댓글등록수정삭제테스트완료', '2024-12-06 11:53:40'),
	(87, 48, 'admin', '관리자', '안녕하세요, 회원님! 항상 저희 HeartBeat를 사랑해 주셔서 감사합니다.  구독권 정보는 좌측 메뉴에서 마이페이지 > 멤버십 에서 이용날짜, 현재 이용 중인 멤버십 확인 가능합니다. 감사합니다. 앞으로 더 노력하는 HeartBeat가 되겠습니다.', '2024-12-09 11:35:41'),
	(88, 49, 'admin', '관리자', '안녕하세요, 회원님! 항상 저희 HeartBeat를 사랑해 주셔서 감사합니다.  아티스트 구독 변경은 마이페이지 > 멤버십에서 가능하며 다음 이용기간부터 적용됩니다. 감사합니다. 앞으로 더 노력하는 HeartBeat가 되겠습니다.', '2024-12-09 11:36:59'),
	(89, 50, 'admin', '관리자', '안녕하세요, 회원님! 항상 저희 HeartBeat를 사랑해 주셔서 감사합니다.  커뮤니티는 구독한 아티스트만 접속이 가능하며 네트워크가 불안정할 경우 접속이 어려울 수 있습니다. 자세한 문의는 고객센터로 연락주시면 성실하게 도와드리겠습니다.  감사합니다. 앞으로 더 노력하는 HeartBeat가 되겠습니다.', '2024-12-09 11:38:49'),
	(90, 51, 'admin', '관리자', '안녕하세요, 회원님! 항상 저희 HeartBeat를 사랑해 주셔서 감사합니다.  현재 준비되어있는 결제방식은 카카오가 유일하며 추후 업데이트 될 예정입니다. 감사합니다. 앞으로 더 노력하는 HeartBeat가 되겠습니다.', '2024-12-09 11:39:36'),
	(91, 52, 'admin', '관리자', '안녕하세요, 회원님! 항상 저희 HeartBeat를 사랑해 주셔서 감사합니다. 네트워크가 불안정하여 서비스 제공이 어려울 수 있습니다. 또한 타인을 향해 비난, 모욕적인 언행 등 공격적인 글에 대해서는 관리자가 통보 없이 삭제 조치할 수 있음 을 알려드립니다.   감사합니다. 앞으로 더 노력하는 HeartBeat가 되겠습니다.', '2024-12-09 11:42:44');
/*!40000 ALTER TABLE `notice_comment_tbl` ENABLE KEYS */;

-- 테이블 heartbeat.notice_tbl 구조 내보내기
CREATE TABLE IF NOT EXISTS `notice_tbl` (
  `notice_id` int(11) NOT NULL AUTO_INCREMENT COMMENT '공지 게시물 번호',
  `email` varchar(50) NOT NULL COMMENT '이메일',
  `nickname` varchar(20) NOT NULL COMMENT '닉네임',
  `title` text NOT NULL COMMENT '공지_제목',
  `content` text NOT NULL COMMENT '공지_내용',
  `post_date` datetime DEFAULT NULL COMMENT '등록일',
  PRIMARY KEY (`notice_id`),
  KEY `email` (`email`),
  KEY `nickname` (`nickname`),
  CONSTRAINT `FK_notice_tbl_user_tbl` FOREIGN KEY (`email`) REFERENCES `user_tbl` (`email`),
  CONSTRAINT `FK_notice_tbl_user_tbl_2` FOREIGN KEY (`nickname`) REFERENCES `user_tbl` (`nickname`) ON DELETE CASCADE ON UPDATE CASCADE
) ENGINE=InnoDB AUTO_INCREMENT=88 DEFAULT CHARSET=utf8mb4 COLLATE=utf8mb4_general_ci COMMENT='공지사항 및 문의';

-- 테이블 데이터 heartbeat.notice_tbl:~11 rows (대략적) 내보내기
/*!40000 ALTER TABLE `notice_tbl` DISABLE KEYS */;
INSERT INTO `notice_tbl` (`notice_id`, `email`, `nickname`, `title`, `content`, `post_date`) VALUES
	(45, 'admin', '관리자', '[공지사항] 신규 기능 업데이트', '[공지사항] 신규 기능 업데이트\r\n\r\n안녕하세요, 회원님!\r\n항상 저희 HeartBeat를 사랑해 주셔서 감사합니다.\r\n\r\n새롭게 추가된 기능을 소개합니다:\r\n\r\n🎵 해시태그 노래 추천\r\n\r\n원하는 해시태그를 최대 3개 선택하면, 해당 키워드에 딱 맞는 음악을 추천받을 수 있습니다.\r\n기분이나 상황에 어울리는 음악을 손쉽게 찾아보세요!\r\n🎶 스테이션\r\n\r\n상황별로 추천되는 맞춤형 음악 플레이리스트!\r\n예를 들어, 드라이브 스테이션을 선택하면 드라이브에 적합한 노래들을 자동으로 큐레이션해드립니다.\r\n더욱 풍성한 음악 경험을 HeartBeat에서 즐겨보세요! 😊', '2024-12-09 10:51:58'),
	(46, 'admin', '관리자', '[공지사항] 업데이트 예정 안내', '[공지사항] 업데이트 예정 기능\r\n\r\n안녕하세요, 회원님!\r\n항상 저희 HeartBeat를 사랑해 주셔서 감사합니다.\r\n\r\n곧 추가될 기능을 소개합니다:\r\n\r\n  - CKediter : 텍스트 편집\r\n  - admin page dashbard google chart API 교체\r\n  - 게시글/댓글 확인 페이지 팝업 구분하여 출력, 보기 누른 글 강조 표시\r\n  - 아티스트 추가 구독권\r\n\r\n더욱 풍성한 경험을 HeartBeat와 함께 기다려주세요! 😊', '2024-12-09 11:19:45'),
	(47, 'user32@heartbeat.com', 'EHyeKim', '음악 재생 오류', '로그인하고 차트에서 음악을 재생하려고 하는데 재생이 안돼요 ㅠㅠ', '2024-12-09 11:24:57'),
	(48, 'user40@heartbeat.com', 'SHoJeong', '구독권 종료날짜', '구독권이 종료되는 날짜가 궁금합니다', '2024-12-09 11:25:59'),
	(49, 'user46@heartbeat.com', 'JWonJeong', '아티스트 구독 변경', 'level 2 구독자 입니다.\r\n현재 뉴진스를 구독하고 있는데 변경하고 싶은데 어떻게 하면 될까요?', '2024-12-09 11:27:51'),
	(50, 'user50@heartbeat.com', 'HyeonSooKim', '커뮤니티 접속', '안녕하세요\r\n\r\n뉴진스 커뮤니티가 안들어가져요', '2024-12-09 11:29:07'),
	(51, 'user23@heartbeat.com', 'JMinHan', '구독 결제 문의', '멤버십을 결제하고 싶은데 카카오 말고 다른 결제 방식은 없나요?\r\n', '2024-12-09 11:30:34'),
	(52, 'user38@heartbeat.com', 'SHuiPark', '게시물 사라짐', '제가 올린 게시물이 사라졌어요 왜 그런거죠?', '2024-12-09 11:33:08'),
	(60, 'admin', '관리자', '[공지사항] 신규 서비스 오픈 안내', '[공지사항] 신규 서비스 오픈 안내\r\n\r\n안녕하세요, 회원님!\r\n저희 서비스를 이용해 주시는 모든 분께 감사드립니다.\r\n\r\n새롭게 추가된 기능과 업데이트 내용을 안내드립니다:\r\n1️⃣ 신규 팬덤 추가: 뉴진스(NewJeans), 블랙핑크(BLACKPINK), 있지(ITZY) 팬덤이 추가되어 더욱 편리하게 소통할 수 있는 공간을 마련했습니다. 앞으로 더 많은 팬덤이 추가될 예정입니다.\r\n2️⃣ 개선된 사용자 경험: 더욱 간편하고 직관적인 인터페이스로 업데이트되었습니다.\r\n3️⃣ 이벤트 예고: 2025년 새해를 맞아 다양한 이벤트가 준비되어 있습니다. 특별한 혜택을 받을 기회를 놓치지 마세요!\r\n\r\n자세한 내용은 홈페이지에서 확인해 주세요.\r\n감사합니다. 😊', '2024-12-09 10:45:14'),
	(61, 'admin', '관리자', '[공지사항] 정기 점검 안내', '[공지사항] 정기 점검 안내\r\n안녕하세요, 회원님!\r\n항상 저희 HeartBeat를 사랑해주셔 감사합니다.\r\n서비스 품질 향상을 위해 정기 점검이 진행될 예정입니다.\r\n\r\n일시: 2024년 12월 15일 (금) 00:00~06:00\r\n영향: 점검 시간 동안 일부 서비스 이용 제한\r\n\r\n불편을 드려 죄송합니다. \r\n더 나은 서비스를 제공하기 위해 최선을 다하겠습니다.', '2024-12-09 10:47:33'),
	(62, 'admin', '관리자', '[공지사항] 고객센터 운영 시간 변경 안내', '[공지사항] 고객센터 운영 시간 변경 안내\r\n안녕하세요, 회원님! 항상 저희 HeartBeat를 사랑해주셔 감사합니다.\r\n회원님들의 불편을 최소화하고자 다음과 같이 고객센터 운영 시간이 변경됩니다.\r\n\r\n변경 전: 평일 10:00~17:00\r\n변경 후: 평일 09:00~18:00\r\n감사합니다.', '2024-12-09 10:49:47');
/*!40000 ALTER TABLE `notice_tbl` ENABLE KEYS */;

-- 테이블 heartbeat.post_tbl 구조 내보내기
CREATE TABLE IF NOT EXISTS `post_tbl` (
  `post_id` int(11) NOT NULL AUTO_INCREMENT,
  `email` varchar(100) NOT NULL COMMENT '이메일',
  `artist_id` int(11) NOT NULL COMMENT '아티스트_아이디',
  `nickname` varchar(20) NOT NULL COMMENT '닉네임',
  `content` text NOT NULL COMMENT '게시물_내용',
  `post_img` varchar(100) DEFAULT NULL COMMENT '게시물이미지',
  `post_date` datetime NOT NULL COMMENT '작성일',
  PRIMARY KEY (`post_id`) USING BTREE,
  KEY `email` (`email`) USING BTREE,
  KEY `nickname` (`nickname`),
  CONSTRAINT `FK_post_tbl_user_tbl` FOREIGN KEY (`nickname`) REFERENCES `user_tbl` (`nickname`) ON DELETE CASCADE ON UPDATE CASCADE,
  CONSTRAINT `post_tbl_ibfk_1` FOREIGN KEY (`email`) REFERENCES `user_tbl` (`email`)
) ENGINE=InnoDB AUTO_INCREMENT=570 DEFAULT CHARSET=utf8mb4 COLLATE=utf8mb4_general_ci COMMENT='게시물';

-- 테이블 데이터 heartbeat.post_tbl:~45 rows (대략적) 내보내기
/*!40000 ALTER TABLE `post_tbl` DISABLE KEYS */;
INSERT INTO `post_tbl` (`post_id`, `email`, `artist_id`, `nickname`, `content`, `post_img`, `post_date`) VALUES
	(209, 'haerin', 20109, '해린', '버니즈 벌써 12월달이네! 곧 있을 크리스마스 즐겁고 행복하게 보내~', 'ef9a37c5-ac03-4cd8-bb1d-a2d334f9657a-KakaoTalk_20241209_104757862.jpg', '2024-12-09 09:31:05'),
	(210, 'hanni', 20109, '하니', '버니즈~!! 요즘 너무 추운데 옷 따뜻하게 입고 맛있는거 많이 먹어~~', '03756891-2c43-4ee2-87e3-26176121c767-KakaoTalk_20241209_104345706_02.jpg', '2024-12-09 09:36:39'),
	(212, 'danielle', 20109, '다니엘', 'Bunnies! Christmas is already just around the corner! Merry Christmas! Happy Christmas! I will always pray for you ♡ to eat a lot of delicious food and be full of happy things :)', '6e8c1b9a-4143-4efe-b044-cd805fb8626a-KakaoTalk_20241209_104345706.jpg', '2024-12-09 09:48:30'),
	(217, 'minji', 20109, '민지', '버니즈! 날씨 추운데 옷 따뜻하게 입고 감기 조심하고 좋은 하루 보내♥ 조만간 곧 만나자!', '9beead47-d60c-445a-88d8-f76fc3c9c8f4_KakaoTalk_20241209_104204461.jpg', '2024-12-09 10:51:32'),
	(218, 'hyein', 20109, '혜인', '버니즈 할명수 나온거 봤어? 다음에는 완전체로 또 나갈게~', '795a77fb-066e-4808-97d0-e27b11e478e0_KakaoTalk_20241209_104345706_01.jpg', '2024-12-09 10:52:16'),
	(219, 'user31@heartbeat.com', 20109, 'HYongHong', '진스야 진짜 사랑해💖 오늘도 덕분에 하루가 너무 행복했어~~ 무대에서 빛나는 모습이 너무 멋지고, 항상 힘을 줘서 고마워! 앞으로도 계속 응원할게! 짱진스 짱!', 'cb9774bc-85d9-4b3c-bb55-199dacee3059-KakaoTalk_20241209_104345706_01.jpg', '2024-12-09 10:57:04'),
	(220, 'user43@heartbeat.com', 20109, 'HNnaPark', '힘든 날에 뉴진스 노래 들으면 정말.. 힘을 내고 있어! 뉴진스 덕분에 많이 웃고, 행복해♥♥♥♥♥♥ 항상 고맙고 항상 응원해!!', NULL, '2024-12-09 10:59:48'),
	(221, 'user37@heartbeat.com', 20109, 'SYoungJeong', '오늘 무대에서 여러분 너무 예쁘고 멋졌어요. 항상 팬들을 생각해 주셔서 감사합니다. 언제나 응원하고 사랑할게요!😍😍😍', '1fdb4c0f-5995-4a52-89b1-ed3d7996bbbe_444f1b7a-09fd-4ff1-ae07-bd7c1e5caf23_202301191051044684_0.jpg', '2024-12-09 11:02:20'),
	(222, 'user40@heartbeat.com', 20109, 'SHoJeong', '뉴진스의 노래, 춤, 모습 모든 게 다 좋아!! 항상 응원하고 사랑할게~~~~', '63adfaaf-06ea-404e-9288-f013b9bcf028_56e4b6e9-886b-459e-acd9-b47bf1823e20_newjeans.jpg', '2024-12-09 11:03:50'),
	(223, 'user46@heartbeat.com', 20109, 'JWonJeong', '뉴진스 덕분에 오늘 하루도 따뜻한 기분으로 보냈어요. 앞으로도 여러분과 함께하는 모든 순간이 기대돼요. 사랑해요!', NULL, '2024-12-09 11:05:13'),
	(224, 'user49@heartbeat.com', 20109, 'JieunHong', '오늘도 귀여운 모습 보여줘서 너무 좋았어요! 언제나 사랑스러운 뉴진스 덕분에 기분이 좋아요. 앞으로도 많은 활동 기대할게요!', '6b73fb7b-849f-4578-adcb-46aae6d8ff8e-ef8de25d-e095-423c-bb3b-165144a56900_newjeans-logo.png', '2024-12-09 11:06:35'),
	(225, 'user49@heartbeat.com', 20109, 'JieunHong', 'You got me looking for attention\r\n가끔은 정말 헷갈리지만 분명한 건\r\nGot me looking for attention\r\n\r\n어텐션은 진짜 개띵곡', '9c57efa3-9c19-4ab4-9b54-25adbd654594_콘텐츠B_960_600_7-1.jpg', '2024-12-09 11:08:15'),
	(226, 'user49@heartbeat.com', 20109, 'JieunHong', '언제든지, 몇번이든지, 내 플리에서 절대 안 빠지는 하입보이', 'e103ed64-70c8-4d8e-9640-708485c8e3b9_1670336700539530.jpg', '2024-12-09 11:09:35'),
	(227, 'user31@heartbeat.com', 20109, 'HYongHong', '내년 겨울에는 뉴진스도 캐롤앨범 하나 내주기를... 제발..', 'ab7e1dc8-2674-49fe-ac54-bcdefeff8361_NISI20221030_0001117729_web.jpg', '2024-12-09 11:11:48'),
	(228, 'user31@heartbeat.com', 20109, 'HYongHong', '내년에는 콘서트도 하겠지...', NULL, '2024-12-09 11:12:12'),
	(300, 'user50@heartbeat.com', 20117, 'HyeonSooKim', '있지가 데뷔한 지 벌써 몇 년이네요! 여러분은 있지와 처음 만난 순간을 기억하시나요? 저는 스니커즈를 보고 입덕했어요!', 'a92c39b4-5398-4c49-9eb0-55f07eedb0d3_466338510_868759831992609_4641059567991189720_n.jpg', '2024-12-09 10:50:45'),
	(301, 'user44@heartbeat.com', 20117, 'GHoLee', '이번 활동에서 멤버들의 의상이 너무 예쁘지 않나요? 특히 예지의 [특정 의상] 너무 잘 어울려요! 😍', '83093174-8d09-454c-8c5e-d88d0576f510_467773708_1000552768757693_367563610928824768_n.jpg', '2024-12-09 10:43:58'),
	(302, 'user38@heartbeat.com', 20117, 'SHuiPark', '팬들끼리 재밌게 할 수 있는 이벤트를 생각해봤어요! \'있지 노래 가사로 퀴즈 풀기\' 어때요? 😄', 'b0758b2c-33dc-42d4-bc22-f82e2d4f076e_466522082_1061382588793263_4943107671168048069_n.jpg', '2024-12-09 10:39:13'),
	(303, 'user35@heartbeat.com', 20117, 'SHuiHong', '있지 멤버들에게 질문! 최근 가장 좋아하는 음식이나 취미가 뭔가요? 궁금해요! 🍔🎨', '9ee757ea-a434-4555-9f04-95ec4202dc30_467969178_1239128330685740_5702024459369467453_n.jpg', '2024-12-09 10:36:07'),
	(304, 'user32@heartbeat.com', 20117, 'EHyeKim', '오늘 같은 날엔 [있지 노래 제목] 들으면 정말 기분 좋아요! 여러분은 어떤 곡이 가장 좋나요? 🎧', NULL, '2024-12-09 10:31:08'),
	(350, 'jisoo', 20119, '지수', '오늘도 블링크 덕분에 행복한 하루💗 항상 고마워요! 우리 오래오래 함께하자~', NULL, '2024-12-09 10:05:45'),
	(351, 'rose', 20119, '로제', '오늘도 우리 블링크 생각하며 하루를 시작했어요 💕 여러분의 사랑이 제게 큰 힘이 된답니다! 늘 고맙고 사랑해요 🌹', NULL, '2024-12-09 10:10:02'),
	(352, 'rose', 20119, '로제', '때론 작은 한 걸음도 큰 변화를 만든다고 믿어요. 블링크 여러분도 오늘 자신을 믿고 한 걸음씩 나아가봐요! 💪💖 ', NULL, '2024-12-09 10:16:13'),
	(353, 'jennie', 20119, '제니', '오늘 하루 어땠어요? 여러분의 이야기를 들려주세요. 저는 여러분이 행복했으면 좋겠어요. 🌸', NULL, '2024-12-09 10:17:41'),
	(354, 'lisa', 20119, '리사', '오늘은 조금 여유롭게 하루를 보냈어요. 🌼☀️\r\n여러분도 오늘 하루 행복했길 바랄게요!\r\n때론 힘든 날도 있지만, 우리 함께라면 괜찮아요. 💪💞\r\n늘 곁에 있어줘서 고마워요, BLINK! 다음에 또 만나요!', NULL, '2024-12-09 10:20:24'),
	(356, 'jennie', 20119, '제니', '너무 보고 싶어요, 블링크 ❤️ 다음 만남까지 건강하게, 행복하게 지내요!', NULL, '2024-12-09 10:21:06'),
	(400, 'yuna', 20117, '유나', 'Let’s GOld', 'b0bddd66-aca4-4115-8575-2606b23de245-463175460_1513621479349701_2394613257153147718_n.jpg', '2024-12-03 14:51:14'),
	(401, 'yeji', 20117, '예지', '여러분 벌써 크리스마스네요 다들 오늘 하루 행복하게 보내세요~~', 'e20363cc-4a7d-46b3-9455-f718da468701-itzy-yeji-itz-me-album-uhdpaper.com-4K-4.2819.jpg', '2024-12-02 09:39:58'),
	(402, 'ryujin', 20117, '류진', 'Polo Ralph Lauren Cat Street', 'fe21b429-0fdb-4ff4-b167-7025414469c7_459060058_1580706132518732_2542333890040454050_n.jpg', '2024-12-09 10:21:34'),
	(403, 'lia', 20117, '리아', '골드활동 함께해준 믿지들 멤버들 고마워요♥', '501beccb-332a-4b15-9160-3c044cc4136f_464808589_1302945024482141_422092450222191085_n.jpg', '2024-12-09 09:58:12'),
	(404, 'chaeryeong', 20117, '류진', 'Łй 동년배들 ⊂ト 있ズl 쟁반놀○l방 본⊂r,,,\r\n⊂ト음 주øłl도 함께ㅎH요•◦❥◦•', '406729bc-1013-4662-8d0f-ff0c9f545926_468762182_415328211547634_756399241747921422_n.jpg', '2024-12-09 10:22:58'),
	(537, 'jisoo', 20119, '지수', '날씨가 점점 추워지네요🥶 따뜻하게 입고 감기 조심하기! 항상 건강이 최고예요🙏', NULL, '2024-12-09 10:21:45'),
	(538, 'user1@heartbeat.com', 20119, 'KJin', '리사야, 오늘도 너의 무대와 웃음 덕분에 힘을 얻었어! 항상 우리에게 행복을 선물해줘서 고마워요. 🌟 앞으로도 항상 응원할게요, 사랑해요! 💛', 'bcecb7cb-88b2-4756-ad89-ec249a3c70a3-bp-01.jpg', '2024-12-09 10:49:54'),
	(539, 'user48@heartbeat.com', 20119, 'SYoungPark', '로제야, 너의 목소리는 마치 꿈 같아. 🌙 들을 때마다 마음이 따뜻해지고 위로받는 느낌이야. 항상 감동적인 노래 들려줘서 고마워! 🌹', NULL, '2024-12-09 10:51:15'),
	(560, 'user48@heartbeat.com', 20119, 'SYoungPark', '제니야, 너의 카리스마 넘치는 무대와 스타일에 항상 빠져들어! 😍 어떤 순간에도 최고의 모습을 보여줘서 너무 자랑스러워. 너는 정말 ‘패셔니스타’! 💖', 'f961303f-ef56-4350-8b37-1a338d125365-bp-02.jpg', '2024-12-09 10:51:48'),
	(561, 'user39@heartbeat.com', 20119, 'JYLee', '제니야, 네가 우리에게 보여주는 사랑과 관심에 너무 감사해! 💝 항상 너의 마음을 느낄 수 있어서 행복해. 앞으로도 계속 함께 걸어가자!', NULL, '2024-12-09 10:52:20'),
	(562, 'user39@heartbeat.com', 20119, 'JYLee', '지수야, 네 미소 하나로 하루가 밝아져! ☀️ 너의 긍정적인 에너지가 나에게 큰 힘이 돼. 언제나 그 미소처럼 따뜻한 마음으로 사랑할게! 💖', 'cc60f262-89c3-4c2d-9fef-c28b46937669-bp-03.jpg', '2024-12-09 10:52:44'),
	(563, 'user36@heartbeat.com', 20119, 'CEunKim', '리사의 패션 센스는 언제 봐도 최고! 😍 이번 화보에서 완전 여신 강림했어요. 어떻게 모든 스타일을 완벽하게 소화하는지 정말 놀라워요. 👑', '5694171a-20b4-4390-afb3-da5ff62533ba-bp-04.jpg', '2024-12-09 10:53:09'),
	(564, 'user36@heartbeat.com', 20119, 'CEunKim', '제니야, 네가 우리에게 보여주는 사랑과 관심에 너무 감사해! 💝 항상 너의 마음을 느낄 수 있어서 행복해. 앞으로도 계속 함께 걸어가자!', 'f272358f-bee9-4724-a9a7-56108131168d-bp-05.jpg', '2024-12-09 10:53:26'),
	(565, 'user42@heartbeat.com', 20119, 'DHyeonKim', '로제의 무대는 언제 봐도 완벽해! 🌟 카리스마 넘치는 모습과 감미로운 보컬에 매번 빠져들어. 너의 에너지가 우리에게 큰 힘이 돼! 🖤💖', NULL, '2024-12-09 10:53:54'),
	(566, 'user42@heartbeat.com', 20119, 'DHyeonKim', '로제야, 네가 전하는 메시지 하나하나가 너무 따뜻하고 진솔해. 너의 존재 자체가 축복이야. 🌸', 'aa5a4f89-1dd5-4a61-8f13-d5d5ff302c02-bp-06.jpg', '2024-12-09 10:54:08'),
	(567, 'user33@heartbeat.com', 20119, 'JSuhPark', '지수야, 항상 팬들에게 보여주는 사랑에 너무 고마워! 🥰 너의 모든 활동을 응원하고, 언제나 곁에서 지지할게. 네가 행복하면 나도 행복해! 💕', NULL, '2024-12-09 10:54:32'),
	(568, 'user45@heartbeat.com', 20119, 'SYungKim', '제니는 언제나 성실하게 노력하고, 그 모습이 정말 멋져요! 모든 순간을 응원할게요! 💕', '4ae64670-bb13-40d0-b7fc-620df1bf998a-bp-07.jpg', '2024-12-09 10:55:04'),
	(569, 'user33@heartbeat.com', 20119, 'JSuhPark', '제니야, 네가 우리에게 보여주는 사랑과 관심에 너무 감사해! 💝 항상 너의 마음을 느낄 수 있어서 행복해. 앞으로도 계속 함께 걸어가자! ', NULL, '2024-12-09 10:56:00');
/*!40000 ALTER TABLE `post_tbl` ENABLE KEYS */;

-- 테이블 heartbeat.role_tbl 구조 내보내기
CREATE TABLE IF NOT EXISTS `role_tbl` (
  `role_id` int(11) NOT NULL COMMENT '역할_아이디',
  `role_name` varchar(50) NOT NULL COMMENT '역할_이름',
  PRIMARY KEY (`role_id`)
) ENGINE=InnoDB DEFAULT CHARSET=utf8mb4 COLLATE=utf8mb4_general_ci COMMENT='역할';

-- 테이블 데이터 heartbeat.role_tbl:~3 rows (대략적) 내보내기
/*!40000 ALTER TABLE `role_tbl` DISABLE KEYS */;
INSERT INTO `role_tbl` (`role_id`, `role_name`) VALUES
	(0, '관리자'),
	(1, '아티스트'),
	(2, '유저');
/*!40000 ALTER TABLE `role_tbl` ENABLE KEYS */;

-- 테이블 heartbeat.subscription_tbl 구조 내보내기
CREATE TABLE IF NOT EXISTS `subscription_tbl` (
  `no` int(11) NOT NULL AUTO_INCREMENT,
  `email` varchar(100) NOT NULL COMMENT '이메일',
  `level` tinyint(4) NOT NULL COMMENT '구독_등급',
  `artist_id` int(11) DEFAULT NULL,
  `start_date` date DEFAULT NULL,
  `end_date` date DEFAULT NULL,
  PRIMARY KEY (`no`) USING BTREE,
  KEY `level` (`level`),
  KEY `artist_id` (`artist_id`),
  KEY `subscription_tbl_ibfk_1` (`email`),
  CONSTRAINT `subscription_tbl_ibfk_1` FOREIGN KEY (`email`) REFERENCES `user_tbl` (`email`) ON DELETE CASCADE ON UPDATE CASCADE,
  CONSTRAINT `subscription_tbl_ibfk_2` FOREIGN KEY (`level`) REFERENCES `cost_tbl` (`level`) ON UPDATE CASCADE,
  CONSTRAINT `subscription_tbl_ibfk_3` FOREIGN KEY (`artist_id`) REFERENCES `artist_tbl` (`artist_id`) ON DELETE CASCADE ON UPDATE CASCADE
) ENGINE=InnoDB AUTO_INCREMENT=224 DEFAULT CHARSET=utf8mb4 COLLATE=utf8mb4_general_ci COMMENT='구독';

-- 테이블 데이터 heartbeat.subscription_tbl:~59 rows (대략적) 내보내기
/*!40000 ALTER TABLE `subscription_tbl` DISABLE KEYS */;
INSERT INTO `subscription_tbl` (`no`, `email`, `level`, `artist_id`, `start_date`, `end_date`) VALUES
	(60, 'haerin', 2, 20109, '2024-11-28', '2024-12-28'),
	(64, 'minji', 2, 20109, '2024-11-29', '2024-12-29'),
	(66, 'lia', 2, 20117, '2024-12-02', '2025-12-02'),
	(67, 'yuna', 2, 20117, '2024-12-02', '2025-12-02'),
	(68, 'lisa', 2, 20119, '2024-12-02', '2025-12-02'),
	(69, 'rose', 2, 20119, '2024-12-02', '2025-12-02'),
	(70, 'jisoo', 2, 20119, '2024-12-02', '2025-12-02'),
	(71, 'hanni ', 2, 20109, '2024-12-02', '2025-12-02'),
	(72, 'hyein ', 2, 20109, '2024-12-02', '2025-12-02'),
	(73, 'jennie', 2, 20119, '2024-12-02', '2025-12-02'),
	(74, 'ryujin', 2, 20117, '2024-12-02', '2025-12-02'),
	(75, 'danielle', 2, 20117, '2024-12-02', '2025-12-02'),
	(76, 'chaeryeong', 2, 20117, '2024-12-02', '2025-12-02'),
	(81, 'admin', 2, 20109, '2024-12-03', '2025-01-03'),
	(179, 'user6@heartbeat.com', 1, NULL, '2024-12-09', '2025-01-08'),
	(180, 'user7@heartbeat.com', 1, NULL, '2024-12-09', '2025-01-08'),
	(181, 'user8@heartbeat.com', 1, NULL, '2024-12-09', '2025-01-08'),
	(182, 'user9@heartbeat.com', 1, NULL, '2024-12-09', '2025-01-08'),
	(183, 'user10@heartbeat.com', 1, NULL, '2024-12-09', '2025-01-08'),
	(184, 'user11@heartbeat.com', 1, NULL, '2024-12-09', '2025-01-08'),
	(185, 'user12@heartbeat.com', 1, NULL, '2024-12-09', '2025-01-08'),
	(186, 'user13@heartbeat.com', 1, NULL, '2024-12-09', '2025-01-08'),
	(187, 'user14@heartbeat.com', 1, NULL, '2024-12-09', '2025-01-08'),
	(188, 'user15@heartbeat.com', 1, NULL, '2024-12-09', '2025-01-08'),
	(189, 'user16@heartbeat.com', 1, NULL, '2024-12-09', '2025-01-08'),
	(190, 'user17@heartbeat.com', 1, NULL, '2024-12-09', '2025-01-08'),
	(191, 'user18@heartbeat.com', 1, NULL, '2024-12-09', '2025-01-08'),
	(192, 'user19@heartbeat.com', 1, NULL, '2024-12-09', '2025-01-08'),
	(193, 'user20@heartbeat.com', 1, NULL, '2024-12-09', '2025-01-08'),
	(194, 'user21@heartbeat.com', 1, NULL, '2024-12-09', '2025-01-08'),
	(195, 'user22@heartbeat.com', 1, NULL, '2024-12-09', '2025-01-08'),
	(196, 'user23@heartbeat.com', 1, NULL, '2024-12-09', '2025-01-08'),
	(197, 'user24@heartbeat.com', 1, NULL, '2024-12-09', '2025-01-08'),
	(198, 'user25@heartbeat.com', 1, NULL, '2024-12-09', '2025-01-08'),
	(199, 'user26@heartbeat.com', 1, NULL, '2024-12-09', '2025-01-08'),
	(200, 'user27@heartbeat.com', 1, NULL, '2024-12-09', '2025-01-08'),
	(201, 'user28@heartbeat.com', 1, NULL, '2024-12-09', '2025-01-08'),
	(202, 'user29@heartbeat.com', 1, NULL, '2024-12-09', '2025-01-08'),
	(203, 'user30@heartbeat.com', 1, NULL, '2024-12-09', '2025-01-08'),
	(204, 'user31@heartbeat.com', 2, 20109, '2024-12-09', '2025-01-08'),
	(205, 'user32@heartbeat.com', 2, 20117, '2024-12-09', '2025-01-08'),
	(206, 'user33@heartbeat.com', 2, 20119, '2024-12-09', '2025-01-08'),
	(207, 'user34@heartbeat.com', 2, 20109, '2024-12-09', '2025-01-08'),
	(208, 'user35@heartbeat.com', 2, 20117, '2024-12-09', '2025-01-08'),
	(209, 'user36@heartbeat.com', 2, 20119, '2024-12-09', '2025-01-08'),
	(210, 'user37@heartbeat.com', 2, 20109, '2024-12-09', '2025-01-08'),
	(211, 'user38@heartbeat.com', 2, 20117, '2024-12-09', '2025-01-08'),
	(212, 'user39@heartbeat.com', 2, 20119, '2024-12-09', '2025-01-08'),
	(213, 'user40@heartbeat.com', 2, 20109, '2024-12-09', '2025-01-08'),
	(214, 'user41@heartbeat.com', 2, 20117, '2024-12-09', '2025-01-08'),
	(215, 'user42@heartbeat.com', 2, 20119, '2024-12-09', '2025-01-08'),
	(216, 'user43@heartbeat.com', 2, 20109, '2024-12-09', '2025-01-08'),
	(217, 'user44@heartbeat.com', 2, 20117, '2024-12-09', '2025-01-08'),
	(218, 'user45@heartbeat.com', 2, 20119, '2024-12-09', '2025-01-08'),
	(219, 'user46@heartbeat.com', 2, 20109, '2024-12-09', '2025-01-08'),
	(220, 'user47@heartbeat.com', 2, 20117, '2024-12-09', '2025-01-08'),
	(221, 'user48@heartbeat.com', 2, 20119, '2024-12-09', '2025-01-08'),
	(222, 'user49@heartbeat.com', 2, 20109, '2024-12-09', '2025-01-08'),
	(223, 'user50@heartbeat.com', 2, 20117, '2024-12-09', '2025-01-08');
/*!40000 ALTER TABLE `subscription_tbl` ENABLE KEYS */;

-- 테이블 heartbeat.user_role_tbl 구조 내보내기
CREATE TABLE IF NOT EXISTS `user_role_tbl` (
  `ur_key` int(11) NOT NULL AUTO_INCREMENT COMMENT '유저역할',
  `email` varchar(50) NOT NULL COMMENT '이메일',
  `role_id` int(11) NOT NULL COMMENT '역할_아이디',
  PRIMARY KEY (`ur_key`),
  KEY `user_role_tbl_ibfk_1` (`email`),
  KEY `user_role_tbl_ibfk_2` (`role_id`),
  CONSTRAINT `user_role_tbl_ibfk_1` FOREIGN KEY (`email`) REFERENCES `user_tbl` (`email`) ON DELETE CASCADE ON UPDATE CASCADE,
  CONSTRAINT `user_role_tbl_ibfk_2` FOREIGN KEY (`role_id`) REFERENCES `role_tbl` (`role_id`) ON DELETE CASCADE ON UPDATE CASCADE
) ENGINE=InnoDB AUTO_INCREMENT=136 DEFAULT CHARSET=utf8mb4 COLLATE=utf8mb4_general_ci COMMENT='유저_역할';

-- 테이블 데이터 heartbeat.user_role_tbl:~65 rows (대략적) 내보내기
/*!40000 ALTER TABLE `user_role_tbl` DISABLE KEYS */;
INSERT INTO `user_role_tbl` (`ur_key`, `email`, `role_id`) VALUES
	(2, 'minji', 1),
	(3, 'haerin', 1),
	(4, 'admin', 0),
	(12, 'yeji', 1),
	(13, 'lia', 1),
	(14, 'lisa', 1),
	(15, 'rose', 1),
	(16, 'ryujin', 1),
	(17, 'yuna', 1),
	(18, 'chaeryeong', 1),
	(19, 'danielle', 1),
	(20, 'hanni ', 1),
	(21, 'hyein ', 1),
	(22, 'jennie', 1),
	(23, 'jisoo', 1),
	(86, 'user1@heartbeat.com', 2),
	(87, 'user2@heartbeat.com', 2),
	(88, 'user3@heartbeat.com', 2),
	(89, 'user4@heartbeat.com', 2),
	(90, 'user5@heartbeat.com', 2),
	(91, 'user6@heartbeat.com', 2),
	(92, 'user7@heartbeat.com', 2),
	(93, 'user8@heartbeat.com', 2),
	(94, 'user9@heartbeat.com', 2),
	(95, 'user10@heartbeat.com', 2),
	(96, 'user11@heartbeat.com', 2),
	(97, 'user12@heartbeat.com', 2),
	(98, 'user13@heartbeat.com', 2),
	(99, 'user14@heartbeat.com', 2),
	(100, 'user15@heartbeat.com', 2),
	(101, 'user16@heartbeat.com', 2),
	(102, 'user17@heartbeat.com', 2),
	(103, 'user18@heartbeat.com', 2),
	(104, 'user19@heartbeat.com', 2),
	(105, 'user20@heartbeat.com', 2),
	(106, 'user21@heartbeat.com', 2),
	(107, 'user22@heartbeat.com', 2),
	(108, 'user23@heartbeat.com', 2),
	(109, 'user24@heartbeat.com', 2),
	(110, 'user25@heartbeat.com', 2),
	(111, 'user26@heartbeat.com', 2),
	(112, 'user27@heartbeat.com', 2),
	(113, 'user28@heartbeat.com', 2),
	(114, 'user29@heartbeat.com', 2),
	(115, 'user30@heartbeat.com', 2),
	(116, 'user31@heartbeat.com', 2),
	(117, 'user32@heartbeat.com', 2),
	(118, 'user33@heartbeat.com', 2),
	(119, 'user34@heartbeat.com', 2),
	(120, 'user35@heartbeat.com', 2),
	(121, 'user36@heartbeat.com', 2),
	(122, 'user37@heartbeat.com', 2),
	(123, 'user38@heartbeat.com', 2),
	(124, 'user39@heartbeat.com', 2),
	(125, 'user40@heartbeat.com', 2),
	(126, 'user41@heartbeat.com', 2),
	(127, 'user42@heartbeat.com', 2),
	(128, 'user43@heartbeat.com', 2),
	(129, 'user44@heartbeat.com', 2),
	(130, 'user45@heartbeat.com', 2),
	(131, 'user46@heartbeat.com', 2),
	(132, 'user47@heartbeat.com', 2),
	(133, 'user48@heartbeat.com', 2),
	(134, 'user49@heartbeat.com', 2),
	(135, 'user50@heartbeat.com', 2);
/*!40000 ALTER TABLE `user_role_tbl` ENABLE KEYS */;

-- 테이블 heartbeat.user_tbl 구조 내보내기
CREATE TABLE IF NOT EXISTS `user_tbl` (
  `email` varchar(100) NOT NULL COMMENT '이메일',
  `artist_id` int(11) NOT NULL COMMENT '아티스트_아이디',
  `pwd` varchar(120) NOT NULL COMMENT '비밀번호',
  `name` varchar(50) NOT NULL COMMENT '이름',
  `nickname` varchar(20) NOT NULL COMMENT '닉네임',
  `birth` date NOT NULL COMMENT '생년월일',
  `phone` char(13) NOT NULL COMMENT '휴대전화',
  `profileimg` varchar(100) DEFAULT NULL COMMENT '프로필사진',
  `level` int(11) DEFAULT 0 COMMENT '구독_등급',
  `reg_date` datetime NOT NULL COMMENT '생성일',
  `up_date` datetime NOT NULL COMMENT '수정일',
  PRIMARY KEY (`email`),
  UNIQUE KEY `nickname` (`nickname`),
  KEY `FK_user_tbl_artist_tbl` (`artist_id`),
  CONSTRAINT `FK_user_tbl_artist_tbl` FOREIGN KEY (`artist_id`) REFERENCES `artist_tbl` (`artist_id`) ON DELETE CASCADE ON UPDATE CASCADE
) ENGINE=InnoDB DEFAULT CHARSET=utf8mb4 COLLATE=utf8mb4_general_ci COMMENT='유저';

-- 테이블 데이터 heartbeat.user_tbl:~66 rows (대략적) 내보내기
/*!40000 ALTER TABLE `user_tbl` DISABLE KEYS */;
INSERT INTO `user_tbl` (`email`, `artist_id`, `pwd`, `name`, `nickname`, `birth`, `phone`, `profileimg`, `level`, `reg_date`, `up_date`) VALUES
	('admin', 20109, '1234', '관리자', '관리자', '2024-10-29', '01011111118', '', 2, '2024-10-29 17:09:58', '2024-12-05 12:37:56'),
	('chaeryeong', 20117, '1234', '채령', '채령', '2001-06-05', '1111', '3180b3cd-9134-4834-ad11-443ce99b5942_itzy-chaeryeong.png', 2, '2024-11-28 16:54:23', '2024-12-06 09:38:35'),
	('danielle', 20109, '1234', '다니엘', '다니엘', '2005-04-11', '1111', 'b72d4e46-3be4-4ac1-b522-6f3ef885b68a_nj_daniel.jpeg', 2, '2024-11-28 16:50:40', '2024-12-06 09:38:09'),
	('haerin', 20109, '1234', '해린', '해린', '2006-05-15', '1111', '6aa019ec-fc06-4729-8eae-d116db1b1544_nj_haerin.jpeg', 2, '2024-11-14 14:44:35', '2024-12-06 09:37:41'),
	('hanni', 20109, '1234', '하니', '하니', '2004-10-06', '1111', '9e00e76a-046e-466f-82d2-6b021ac70447_nj_hanni.jpeg', 2, '2024-11-28 16:50:40', '2024-12-06 09:37:23'),
	('hyein', 20109, '1234', '혜인', '혜인', '2008-04-21', '1111', '919c79ed-49cc-4341-8d58-94ffb4d2a6f7_nj_hyein.jpeg', 2, '2024-11-28 16:50:40', '2024-12-06 09:37:05'),
	('jennie', 20119, '1234', '제니', '제니', '1996-01-16', '1111', '4b6283e0-eb5e-4d9d-a552-a90f4803c676_bp-jennie.png', 2, '2024-11-28 16:57:51', '2024-12-06 09:36:46'),
	('jisoo', 20119, '1234', '지수', '지수', '1995-01-03', '1111', '76b5b0c2-c2df-49f4-a91a-cfc8a067f072_bp-jisoo.png', 2, '2024-11-28 16:57:51', '2024-12-06 09:36:30'),
	('lia', 20117, '1234', '리아', '리아', '2000-07-21', '1111', 'afba3ee9-ffbc-480f-b50e-02f1b4f7deb0_lizy-lia.png', 2, '2024-11-28 16:54:23', '2024-12-06 09:28:44'),
	('lisa', 20119, '1234', '리사', '리사', '1997-03-27', '1111', '822b2912-3685-4210-bdea-df9c56208690_bp-lisa.png', 2, '2024-11-28 16:57:51', '2024-12-06 09:28:28'),
	('minji', 20109, '1234', '민지', '민지', '2004-05-07', '1111', 'de4937fa-39c2-41af-8344-49df1b0b811e_nj_mj.jpeg', 2, '2024-11-04 17:00:33', '2024-12-06 09:26:56'),
	('rose', 20119, '1234', '로제', '로제', '1997-02-11', '1111', '39de0a87-def6-44ad-9924-dfe5afdc053e_bp-rose.png', 2, '2024-11-28 16:57:51', '2024-12-06 09:28:09'),
	('ryujin', 20117, '1234', '류진', '류진', '2001-04-17', '1111', 'abb8f7d5-57a0-425f-949d-56ee9c6411c6_itzy-ryujin.png', 2, '2024-11-28 16:54:23', '2024-12-06 09:27:56'),
	('user10@heartbeat.com', 0, '1234', '최수빈', 'SuBinChoi', '1996-07-22', '01001234567', NULL, 1, '2023-01-30 20:00:00', '2023-01-30 20:00:00'),
	('user11@heartbeat.com', 0, '1234', '유정은', 'JEung', '1987-04-10', '01023459876', NULL, 1, '2023-05-22 09:00:00', '2023-05-22 09:00:00'),
	('user12@heartbeat.com', 0, '1234', '김상현', 'KSHyun', '1989-01-12', '01034560987', NULL, 1, '2023-06-05 11:25:00', '2023-06-05 11:25:00'),
	('user13@heartbeat.com', 0, '1234', '박영진', 'YJinPark', '1999-10-27', '01045671098', NULL, 1, '2023-07-15 08:40:00', '2023-07-15 08:40:00'),
	('user14@heartbeat.com', 0, '1234', '정수연', 'SooYeonJeong', '1988-02-03', '01056782109', NULL, 1, '2023-04-12 10:55:00', '2023-04-12 10:55:00'),
	('user15@heartbeat.com', 0, '1234', '홍진호', 'JHooHong', '1994-12-05', '01067893210', NULL, 1, '2023-08-01 14:00:00', '2023-08-01 14:00:00'),
	('user16@heartbeat.com', 0, '1234', '김다혜', 'DHyeKim', '1997-11-18', '01078904321', NULL, 1, '2023-09-10 12:10:00', '2023-09-10 12:10:00'),
	('user17@heartbeat.com', 0, '1234', '이유진', 'YJinLee', '1990-06-25', '01089015432', NULL, 1, '2023-06-02 18:20:00', '2023-06-02 18:20:00'),
	('user18@heartbeat.com', 0, '1234', '박현주', 'HyeonJooPark', '1983-03-04', '01090126543', NULL, 1, '2023-01-28 14:40:00', '2023-01-28 14:40:00'),
	('user19@heartbeat.com', 0, '1234', '김서현', 'SYunKim', '2002-02-17', '01001237654', NULL, 1, '2023-07-19 19:35:00', '2023-07-19 19:35:00'),
	('user1@heartbeat.com', 0, '1234', '김지훈', 'KJin', '2003-05-15', '01012345678', NULL, 0, '2023-06-15 14:23:00', '2023-06-15 14:23:00'),
	('user20@heartbeat.com', 0, '1234', '이소라', 'SoraLee', '1995-05-21', '01012348765', NULL, 1, '2023-03-05 17:25:00', '2023-03-05 17:25:00'),
	('user21@heartbeat.com', 0, '1234', '정민우', 'MinWooJeong', '1989-01-30', '01023459876', NULL, 1, '2023-09-12 08:50:00', '2023-09-12 08:50:00'),
	('user22@heartbeat.com', 0, '1234', '임성진', 'SJinLim', '1992-12-11', '01034567897', NULL, 1, '2023-07-22 14:10:00', '2023-07-22 14:10:00'),
	('user23@heartbeat.com', 0, '1234', '한지민', 'JMinHan', '2001-04-13', '01045678908', NULL, 1, '2023-05-11 15:30:00', '2023-05-11 15:30:00'),
	('user24@heartbeat.com', 0, '1234', '이하늘', 'HaeNulLee', '1998-07-09', '01056789019', NULL, 1, '2023-06-14 20:15:00', '2023-06-14 20:15:00'),
	('user25@heartbeat.com', 0, '1234', '박성은', 'SEunPark', '2004-08-30', '01067890110', NULL, 1, '2023-04-08 16:45:00', '2023-04-08 16:45:00'),
	('user26@heartbeat.com', 0, '1234', '정유미', 'YooMiJeong', '1996-09-23', '01078901221', NULL, 1, '2023-07-03 12:25:00', '2023-07-03 12:25:00'),
	('user27@heartbeat.com', 0, '1234', '이상훈', 'SangHoonLee', '1986-03-12', '01089012332', NULL, 1, '2023-08-17 13:50:00', '2023-08-17 13:50:00'),
	('user28@heartbeat.com', 0, '1234', '최혜진', 'HJinChoi', '2002-11-18', '01090123443', NULL, 1, '2023-09-20 14:30:00', '2023-09-20 14:30:00'),
	('user29@heartbeat.com', 0, '1234', '김정훈', 'JHoonKim', '1994-05-25', '01001234576', NULL, 1, '2023-06-22 15:15:00', '2023-06-22 15:15:00'),
	('user2@heartbeat.com', 0, '1234', '박소영', 'PSYong', '1990-11-22', '01023456789', NULL, 0, '2023-07-20 09:05:00', '2023-07-20 09:05:00'),
	('user30@heartbeat.com', 0, '1234', '이민경', 'MinKyungLee', '1980-07-05', '01012348765', NULL, 1, '2023-01-01 11:00:00', '2023-01-01 11:00:00'),
	('user31@heartbeat.com', 20109, '1234', '홍소영', 'HYongHong', '1990-12-02', '01023459887', NULL, 2, '2023-07-09 09:30:00', '2023-07-09 09:30:00'),
	('user32@heartbeat.com', 20117, '1234', '김은혜', 'EHyeKim', '1992-05-14', '01034567899', 'd0a5345b-b613-4306-a656-a8118788c5a8_469384520_1402965470664405_4671906869594430802_n.jpg', 2, '2023-02-01 16:10:00', '2023-02-01 16:10:00'),
	('user33@heartbeat.com', 20119, '1234', '박진서', 'JSuhPark', '1997-08-19', '01045678910', '454a55a4-8645-410d-aa20-033a646ed229_bp-06.jpg', 2, '2023-06-07 18:20:00', '2023-06-07 18:20:00'),
	('user34@heartbeat.com', 20109, '1234', '이동현', 'DHyeonLee', '1983-11-22', '01056789021', NULL, 2, '2023-05-16 12:30:00', '2023-05-16 12:30:00'),
	('user35@heartbeat.com', 20117, '1234', '홍세희', 'SHuiHong', '1995-01-29', '01067890132', NULL, 2, '2023-07-27 10:55:00', '2023-07-27 10:55:00'),
	('user36@heartbeat.com', 20119, '1234', '김채은', 'CEunKim', '1988-10-05', '01078901243', '81c9449c-d81b-4d48-9c5c-6670168fee50_bp-10.jpg', 2, '2023-08-28 14:00:00', '2023-08-28 14:00:00'),
	('user37@heartbeat.com', 20109, '1234', '정수영', 'SYoungJeong', '1999-06-13', '01089012354', NULL, 2, '2023-05-01 09:15:00', '2023-05-01 09:15:00'),
	('user38@heartbeat.com', 20117, '1234', '박소희', 'SHuiPark', '1995-04-29', '01090123465', 'd897143e-2f59-4a9b-899b-d962affcfe33_466991733_1300337851152827_6416127693642812765_n.jpg', 2, '2023-02-24 13:00:00', '2023-02-24 13:00:00'),
	('user39@heartbeat.com', 20119, '1234', '이진영', 'JYLee', '1986-06-11', '01001234587', 'e5847936-cecd-476c-a3f7-be32d6a326af_egg.png', 2, '2023-03-25 10:50:00', '2023-03-25 10:50:00'),
	('user3@heartbeat.com', 0, '1234', '이민수', 'MinSoo', '1985-08-30', '01034567890', NULL, 0, '2023-08-05 16:40:00', '2023-08-05 16:40:00'),
	('user40@heartbeat.com', 20109, '1234', '정수호', 'SHoJeong', '1998-09-07', '01023459898', NULL, 2, '2023-04-02 15:30:00', '2023-04-02 15:30:00'),
	('user41@heartbeat.com', 20117, '1234', '한지연', 'JYeonHan', '1990-02-24', '01034567810', NULL, 2, '2023-07-01 13:00:00', '2023-07-01 13:00:00'),
	('user42@heartbeat.com', 20119, '1234', '김동현', 'DHyeonKim', '1993-12-23', '01045678921', '09921a74-2540-4b37-b36e-acccb18359cf_bp-11.jpg', 2, '2023-08-22 14:45:00', '2023-08-22 14:45:00'),
	('user43@heartbeat.com', 20109, '1234', '박한나', 'HNnaPark', '2004-02-19', '01056789032', NULL, 2, '2023-06-12 18:15:00', '2023-06-12 18:15:00'),
	('user44@heartbeat.com', 20117, '1234', '이강호', 'GHoLee', '2001-04-09', '01067890143', '9aa85b72-3edd-43c4-9bc2-3fa30b8ea25d_Itzy_logo.png', 2, '2023-07-17 19:25:00', '2023-07-17 19:25:00'),
	('user45@heartbeat.com', 20119, '1234', '김세영', 'SYungKim', '1994-01-20', '01078901254', NULL, 2, '2023-08-10 10:00:00', '2023-08-10 10:00:00'),
	('user46@heartbeat.com', 20109, '1234', '정지원', 'JWonJeong', '1996-03-21', '01089012365', NULL, 2, '2023-05-08 14:30:00', '2023-05-08 14:30:00'),
	('user47@heartbeat.com', 20117, '1234', '이유빈', 'YooBinLee', '1990-07-07', '01090123476', '4c474f71-e1ad-4c16-96ac-a38062576c30_466154075_1761157408048166_5302514100928896156_n.jpg', 2, '2023-04-14 16:25:00', '2023-04-14 16:25:00'),
	('user48@heartbeat.com', 20119, '1234', '박시영', 'SYoungPark', '1992-09-19', '01001234598', '57127b14-1b23-47e4-a155-1404a57a8f03_bp-09.jpg', 2, '2023-05-18 12:05:00', '2023-05-18 12:05:00'),
	('user49@heartbeat.com', 20109, '1234', '홍지은', 'JieunHong', '1997-02-15', '01023459899', NULL, 2, '2023-06-08 11:10:00', '2023-06-08 11:10:00'),
	('user4@heartbeat.com', 0, '1234', '최지훈', 'JHoon', '1992-12-10', '01045678901', NULL, 0, '2023-09-13 12:25:00', '2023-09-13 12:25:00'),
	('user50@heartbeat.com', 20117, '1234', '김현수', 'HyeonSooKim', '1981-03-09', '01034567901', NULL, 2, '2023-08-14 17:45:00', '2023-08-14 17:45:00'),
	('user5@heartbeat.com', 0, '1234', '정혜원', 'JHyeWon', '1994-01-07', '01056789012', NULL, 0, '2023-06-18 18:30:00', '2023-06-18 18:30:00'),
	('user6@heartbeat.com', 0, '1234', '조상호', 'SangHo', '1991-03-11', '01067890123', NULL, 1, '2023-04-25 11:20:00', '2023-04-25 11:20:00'),
	('user7@heartbeat.com', 0, '1234', '김지영', 'JiYoung', '2000-06-15', '01078901234', NULL, 1, '2023-05-10 14:50:00', '2023-05-10 14:50:00'),
	('user8@heartbeat.com', 0, '1234', '박준호', 'JunHoPark', '1993-09-04', '01089012345', NULL, 1, '2023-07-28 17:15:00', '2023-07-28 17:15:00'),
	('user9@heartbeat.com', 0, '1234', '이선호', 'SunHoLee', '1982-03-28', '01090123456', NULL, 1, '2023-02-15 13:35:00', '2023-02-15 13:35:00'),
	('yeji', 20117, '1234', '예지', '예지', '2000-05-26', '1111', 'ef11163b-79a5-4259-8ebf-191fabf8bba2_itzy-yeji.png', 2, '2024-11-28 16:54:23', '2024-12-06 09:27:36'),
	('yuna', 20117, '1234', '유나', '유나', '2003-12-09', '1111', '90585485-df6c-44f4-8853-a19fc15d0ab1_itzy-yuna.png', 2, '2024-11-28 16:54:23', '2024-12-06 09:27:21');
/*!40000 ALTER TABLE `user_tbl` ENABLE KEYS */;

/*!40101 SET SQL_MODE=IFNULL(@OLD_SQL_MODE, '') */;
/*!40014 SET FOREIGN_KEY_CHECKS=IFNULL(@OLD_FOREIGN_KEY_CHECKS, 1) */;
/*!40101 SET CHARACTER_SET_CLIENT=@OLD_CHARACTER_SET_CLIENT */;
/*!40111 SET SQL_NOTES=IFNULL(@OLD_SQL_NOTES, 1) */;
